INFO:     127.0.0.1:54715 - "GET /health HTTP/1.1" 200 OK
INFO:     127.0.0.1:49928 - "GET /review/worklist HTTP/1.1" 200 OK
INFO:     127.0.0.1:49592 - "GET /health HTTP/1.1" 200 OK
INFO:     127.0.0.1:62982 - "GET /health HTTP/1.1" 200 OK
INFO:     127.0.0.1:57598 - "POST /upload HTTP/1.1" 200 OK
INFO:     127.0.0.1:57598 - "GET /upload/56/progress HTTP/1.1" 200 OK
INFO:     127.0.0.1:57598 - "GET /upload/56/progress HTTP/1.1" 200 OK
INFO:     127.0.0.1:57598 - "GET /upload/56/progress HTTP/1.1" 200 OK
2026-07-21 11:25:46,562 INFO dmef.pipeline [Page 1/237] Phase: page load              started
2026-07-21 11:25:46,562 INFO dmef.pipeline [Page 1/237] Phase: page load              done in 0.00s
2026-07-21 11:25:46,563 INFO dmef.pipeline [Page 1/237] Phase: OCR (PaddleOCR)        started
INFO:     127.0.0.1:57598 - "GET /health HTTP/1.1" 200 OK
INFO:     127.0.0.1:57598 - "GET /upload/56/progress HTTP/1.1" 200 OK
INFO:     127.0.0.1:57598 - "GET /upload/56/progress HTTP/1.1" 200 OK
INFO:     127.0.0.1:57598 - "GET /upload/56/progress HTTP/1.1" 200 OK
INFO:     127.0.0.1:57598 - "GET /upload/56/progress HTTP/1.1" 200 OK
2026-07-21 11:25:55,812 INFO services.ocr_engine Loaded PaddleOCR model for lang=hi
INFO:     127.0.0.1:57598 - "GET /upload/56/progress HTTP/1.1" 200 OK
2026-07-21 11:25:56,732 INFO services.ocr_engine Loaded PaddleOCR model for lang=en
INFO:     127.0.0.1:57598 - "GET /upload/56/progress HTTP/1.1" 200 OK
INFO:     127.0.0.1:64185 - "GET /health HTTP/1.1" 200 OK
INFO:     127.0.0.1:57598 - "GET /upload/56/progress HTTP/1.1" 200 OK
INFO:     127.0.0.1:57598 - "GET /upload/56/progress HTTP/1.1" 200 OK
INFO:     127.0.0.1:57598 - "GET /upload/56/progress HTTP/1.1" 200 OK
2026-07-21 11:26:12,355 INFO dmef.pipeline [Page 1/237] Phase: OCR (PaddleOCR)        done in 25.79s
2026-07-21 11:26:12,359 INFO dmef.pipeline [Page 1/237] Phase: content triage         started
2026-07-21 11:26:12,359 INFO dmef.pipeline [Page 1/237] Phase: content triage         done in 0.00s
2026-07-21 11:26:12,361 INFO dmef.pipeline [Page 1/237] Phase: classification         started
2026-07-21 11:26:12,385 INFO dmef.pipeline [Page 1/237] Phase: classification         done in 0.02s
2026-07-21 11:26:12,387 INFO dmef.pipeline [Page 1/237] Phase: field extraction       started
2026-07-21 11:26:24,220 INFO dmef.pipeline [Page 1/237] Phase: field extraction       done in 11.83s
INFO:     127.0.0.1:61112 - "GET /health HTTP/1.1" 200 OK
INFO:     127.0.0.1:64803 - "GET /upload/56/progress HTTP/1.1" 200 OK
2026-07-21 11:26:26,346 INFO dmef.pipeline [Page 1/237] Total page time: 39.79s
2026-07-21 11:26:26,359 INFO dmef.pipeline [Page 2/237] Phase: page load              started
2026-07-21 11:26:26,359 INFO dmef.pipeline [Page 2/237] Phase: page load              done in 0.00s
2026-07-21 11:26:26,359 INFO dmef.pipeline [Page 2/237] Phase: OCR (PaddleOCR)        started
INFO:     127.0.0.1:64803 - "GET /upload/56/progress HTTP/1.1" 200 OK
2026-07-21 11:26:44,680 INFO dmef.pipeline [Page 2/237] Phase: OCR (PaddleOCR)        done in 18.32s
2026-07-21 11:26:44,681 INFO dmef.pipeline [Page 2/237] Phase: content triage         started
2026-07-21 11:26:44,681 INFO dmef.pipeline [Page 2/237] Phase: content triage         done in 0.00s
2026-07-21 11:26:44,687 INFO dmef.pipeline [Page 2/237] Phase: classification         started
2026-07-21 11:26:47,570 INFO dmef.pipeline [Page 2/237] Phase: classification         done in 2.88s
2026-07-21 11:26:47,577 INFO dmef.pipeline [Page 2/237] Phase: field extraction       started
2026-07-21 11:26:52,412 INFO dmef.pipeline [Page 2/237] Phase: field extraction       done in 4.83s
2026-07-21 11:26:54,927 INFO dmef.pipeline [Page 2/237] Total page time: 28.57s
2026-07-21 11:26:54,937 INFO dmef.pipeline [Page 3/237] Phase: page load              started
2026-07-21 11:26:54,937 INFO dmef.pipeline [Page 3/237] Phase: page load              done in 0.00s
2026-07-21 11:26:54,937 INFO dmef.pipeline [Page 3/237] Phase: content triage         started
2026-07-21 11:26:54,939 INFO dmef.pipeline [Page 3/237] Phase: content triage         done in 0.00s
2026-07-21 11:26:54,941 INFO dmef.pipeline [Page 3/237] Phase: classification         started
2026-07-21 11:26:54,956 INFO dmef.pipeline [Page 3/237] Phase: classification         done in 0.01s
2026-07-21 11:26:54,958 INFO dmef.pipeline [Page 3/237] Phase: field extraction       started
INFO:     127.0.0.1:65474 - "GET /health HTTP/1.1" 200 OK
INFO:     127.0.0.1:53529 - "GET /upload/56/progress HTTP/1.1" 200 OK
INFO:     127.0.0.1:53529 - "GET /upload/56/progress HTTP/1.1" 200 OK
INFO:     127.0.0.1:53529 - "GET /upload/56/progress HTTP/1.1" 200 OK
2026-07-21 11:27:00,149 INFO dmef.pipeline [Page 3/237] Phase: field extraction       done in 5.19s
INFO:     127.0.0.1:53529 - "GET /upload/56/progress HTTP/1.1" 200 OK
2026-07-21 11:27:02,177 INFO dmef.pipeline [Page 3/237] Total page time: 7.24s
2026-07-21 11:27:02,187 INFO dmef.pipeline [Page 4/237] Phase: page load              started
2026-07-21 11:27:02,187 INFO dmef.pipeline [Page 4/237] Phase: page load              done in 0.00s
2026-07-21 11:27:02,188 INFO dmef.pipeline [Page 4/237] Phase: content triage         started
2026-07-21 11:27:02,188 INFO dmef.pipeline [Page 4/237] Phase: content triage         done in 0.00s
2026-07-21 11:27:02,188 INFO dmef.pipeline [Page 4/237] Phase: classification         started
2026-07-21 11:27:02,259 INFO dmef.pipeline [Page 4/237] Phase: classification         done in 0.07s
2026-07-21 11:27:02,265 INFO dmef.pipeline [Page 4/237] Phase: field extraction       started
2026-07-21 11:27:02,265 INFO dmef.pipeline [Page 4/237] Phase: field extraction       done in 0.00s
INFO:     127.0.0.1:53529 - "GET /upload/56/progress HTTP/1.1" 200 OK
2026-07-21 11:27:05,928 INFO dmef.pipeline [Page 4/237] Total page time: 3.74s
2026-07-21 11:27:05,942 INFO dmef.pipeline [Page 5/237] Phase: page load              started
2026-07-21 11:27:05,942 INFO dmef.pipeline [Page 5/237] Phase: page load              done in 0.00s
2026-07-21 11:27:05,942 INFO dmef.pipeline [Page 5/237] Phase: content triage         started
2026-07-21 11:27:05,942 INFO dmef.pipeline [Page 5/237] Phase: content triage         done in 0.00s
2026-07-21 11:27:05,946 INFO dmef.pipeline [Page 5/237] Phase: classification         started
2026-07-21 11:27:05,959 INFO dmef.pipeline [Page 5/237] Phase: classification         done in 0.01s
2026-07-21 11:27:05,963 INFO dmef.pipeline [Page 5/237] Phase: field extraction       started
INFO:     127.0.0.1:53529 - "GET /upload/56/progress HTTP/1.1" 200 OK
INFO:     127.0.0.1:53529 - "GET /upload/56/progress HTTP/1.1" 200 OK
INFO:     127.0.0.1:53529 - "GET /upload/56/progress HTTP/1.1" 200 OK
2026-07-21 11:27:10,827 INFO dmef.pipeline [Page 5/237] Phase: field extraction       done in 4.86s
INFO:     127.0.0.1:53529 - "GET /health HTTP/1.1" 200 OK
INFO:     127.0.0.1:53529 - "GET /upload/56/progress HTTP/1.1" 200 OK
2026-07-21 11:27:13,568 INFO dmef.pipeline [Page 5/237] Total page time: 7.63s
2026-07-21 11:27:13,578 INFO dmef.pipeline [Page 6/237] Phase: page load              started
2026-07-21 11:27:13,578 INFO dmef.pipeline [Page 6/237] Phase: page load              done in 0.00s
2026-07-21 11:27:13,578 INFO dmef.pipeline [Page 6/237] Phase: content triage         started
2026-07-21 11:27:13,578 INFO dmef.pipeline [Page 6/237] Phase: content triage         done in 0.00s
2026-07-21 11:27:13,584 INFO dmef.pipeline [Page 6/237] Phase: classification         started
2026-07-21 11:27:13,645 INFO dmef.pipeline [Page 6/237] Phase: classification         done in 0.07s
2026-07-21 11:27:13,656 INFO dmef.pipeline [Page 6/237] Phase: field extraction       started
2026-07-21 11:27:13,656 INFO dmef.pipeline [Page 6/237] Phase: field extraction       done in 0.00s
INFO:     127.0.0.1:53529 - "GET /upload/56/progress HTTP/1.1" 200 OK
INFO:     127.0.0.1:53529 - "GET /upload/56/progress HTTP/1.1" 200 OK
2026-07-21 11:27:17,420 INFO dmef.pipeline [Page 6/237] Total page time: 3.84s
2026-07-21 11:27:17,429 INFO dmef.pipeline [Page 7/237] Phase: page load              started
2026-07-21 11:27:17,429 INFO dmef.pipeline [Page 7/237] Phase: page load              done in 0.00s
2026-07-21 11:27:17,429 INFO dmef.pipeline [Page 7/237] Phase: content triage         started
2026-07-21 11:27:17,429 INFO dmef.pipeline [Page 7/237] Phase: content triage         done in 0.00s
2026-07-21 11:27:17,433 INFO dmef.pipeline [Page 7/237] Phase: classification         started
2026-07-21 11:27:17,442 INFO dmef.pipeline [Page 7/237] Phase: classification         done in 0.01s
2026-07-21 11:27:17,442 INFO dmef.pipeline [Page 7/237] Phase: field extraction       started
2026-07-21 11:27:17,442 INFO dmef.pipeline [Page 7/237] Phase: field extraction       done in 0.00s
INFO:     127.0.0.1:53529 - "GET /upload/56/progress HTTP/1.1" 200 OK
2026-07-21 11:27:19,177 INFO dmef.pipeline [Page 7/237] Total page time: 1.75s
2026-07-21 11:27:19,186 INFO dmef.pipeline [Page 8/237] Phase: page load              started
2026-07-21 11:27:19,186 INFO dmef.pipeline [Page 8/237] Phase: page load              done in 0.00s
2026-07-21 11:27:19,186 INFO dmef.pipeline [Page 8/237] Phase: content triage         started
2026-07-21 11:27:19,186 INFO dmef.pipeline [Page 8/237] Phase: content triage         done in 0.00s
2026-07-21 11:27:19,191 INFO dmef.pipeline [Page 8/237] Phase: classification         started
2026-07-21 11:27:19,204 INFO dmef.pipeline [Page 8/237] Phase: classification         done in 0.01s
2026-07-21 11:27:19,208 INFO dmef.pipeline [Page 8/237] Phase: field extraction       started
INFO:     127.0.0.1:53529 - "GET /upload/56/progress HTTP/1.1" 200 OK
INFO:     127.0.0.1:53529 - "GET /upload/56/progress HTTP/1.1" 200 OK
2026-07-21 11:27:22,795 INFO dmef.pipeline [Page 8/237] Phase: field extraction       done in 3.59s
INFO:     127.0.0.1:53529 - "GET /upload/56/progress HTTP/1.1" 200 OK
2026-07-21 11:27:24,931 INFO dmef.pipeline [Page 8/237] Total page time: 5.75s
2026-07-21 11:27:24,939 INFO dmef.pipeline [Page 9/237] Phase: page load              started
2026-07-21 11:27:24,939 INFO dmef.pipeline [Page 9/237] Phase: page load              done in 0.00s
2026-07-21 11:27:24,939 INFO dmef.pipeline [Page 9/237] Phase: content triage         started
2026-07-21 11:27:24,939 INFO dmef.pipeline [Page 9/237] Phase: content triage         done in 0.00s
2026-07-21 11:27:24,946 INFO dmef.pipeline [Page 9/237] Phase: classification         started
2026-07-21 11:27:24,997 INFO dmef.pipeline [Page 9/237] Phase: classification         done in 0.06s
2026-07-21 11:27:25,008 INFO dmef.pipeline [Page 9/237] Phase: field extraction       started
2026-07-21 11:27:25,008 INFO dmef.pipeline [Page 9/237] Phase: field extraction       done in 0.00s
INFO:     127.0.0.1:53529 - "GET /health HTTP/1.1" 200 OK
INFO:     127.0.0.1:53529 - "GET /upload/56/progress HTTP/1.1" 200 OK
INFO:     127.0.0.1:53529 - "GET /upload/56/progress HTTP/1.1" 200 OK
2026-07-21 11:27:28,719 INFO dmef.pipeline [Page 9/237] Total page time: 3.78s
2026-07-21 11:27:28,731 INFO dmef.pipeline [Page 10/237] Phase: page load              started
2026-07-21 11:27:28,731 INFO dmef.pipeline [Page 10/237] Phase: page load              done in 0.00s
2026-07-21 11:27:28,731 INFO dmef.pipeline [Page 10/237] Phase: content triage         started
2026-07-21 11:27:28,731 INFO dmef.pipeline [Page 10/237] Phase: content triage         done in 0.00s
2026-07-21 11:27:28,741 INFO dmef.pipeline [Page 10/237] Phase: classification         started
2026-07-21 11:27:28,752 INFO dmef.pipeline [Page 10/237] Phase: classification         done in 0.01s
2026-07-21 11:27:28,752 INFO dmef.pipeline [Page 10/237] Phase: field extraction       started
2026-07-21 11:27:28,752 INFO dmef.pipeline [Page 10/237] Phase: field extraction       done in 0.00s
INFO:     127.0.0.1:53529 - "GET /upload/56/progress HTTP/1.1" 200 OK
2026-07-21 11:27:30,509 INFO dmef.pipeline [Page 10/237] Total page time: 1.78s
2026-07-21 11:27:30,516 INFO dmef.pipeline [Page 11/237] Phase: page load              started
2026-07-21 11:27:30,516 INFO dmef.pipeline [Page 11/237] Phase: page load              done in 0.00s
2026-07-21 11:27:30,516 INFO dmef.pipeline [Page 11/237] Phase: content triage         started
2026-07-21 11:27:30,516 INFO dmef.pipeline [Page 11/237] Phase: content triage         done in 0.00s
2026-07-21 11:27:30,522 INFO dmef.pipeline [Page 11/237] Phase: classification         started
2026-07-21 11:27:30,540 INFO dmef.pipeline [Page 11/237] Phase: classification         done in 0.02s
2026-07-21 11:27:30,545 INFO dmef.pipeline [Page 11/237] Phase: field extraction       started
2026-07-21 11:27:30,547 INFO dmef.pipeline [Page 11/237] Phase: field extraction       done in 0.00s
INFO:     127.0.0.1:53529 - "GET /upload/56/progress HTTP/1.1" 200 OK
2026-07-21 11:27:33,201 INFO dmef.pipeline [Page 11/237] Total page time: 2.69s
2026-07-21 11:27:33,211 INFO dmef.pipeline [Page 12/237] Phase: page load              started
2026-07-21 11:27:33,211 INFO dmef.pipeline [Page 12/237] Phase: page load              done in 0.00s
2026-07-21 11:27:33,211 INFO dmef.pipeline [Page 12/237] Phase: content triage         started
2026-07-21 11:27:33,211 INFO dmef.pipeline [Page 12/237] Phase: content triage         done in 0.00s
2026-07-21 11:27:33,216 INFO dmef.pipeline [Page 12/237] Phase: classification         started
2026-07-21 11:27:33,228 INFO dmef.pipeline [Page 12/237] Phase: classification         done in 0.01s
2026-07-21 11:27:33,228 INFO dmef.pipeline [Page 12/237] Phase: field extraction       started
INFO:     127.0.0.1:53529 - "GET /upload/56/progress HTTP/1.1" 200 OK
2026-07-21 11:27:36,243 INFO dmef.pipeline [Page 12/237] Phase: field extraction       done in 3.01s
INFO:     127.0.0.1:53529 - "GET /upload/56/progress HTTP/1.1" 200 OK
2026-07-21 11:27:37,887 INFO dmef.pipeline [Page 12/237] Total page time: 4.68s
2026-07-21 11:27:37,897 INFO dmef.pipeline [Page 13/237] Phase: page load              started
2026-07-21 11:27:37,897 INFO dmef.pipeline [Page 13/237] Phase: page load              done in 0.00s
2026-07-21 11:27:37,897 INFO dmef.pipeline [Page 13/237] Phase: OCR (PaddleOCR)        started
INFO:     127.0.0.1:53529 - "GET /upload/56/progress HTTP/1.1" 200 OK
2026-07-21 11:27:57,325 INFO dmef.pipeline [Page 13/237] Phase: OCR (PaddleOCR)        done in 19.43s
2026-07-21 11:27:57,325 INFO dmef.pipeline [Page 13/237] Phase: content triage         started
2026-07-21 11:27:57,327 INFO dmef.pipeline [Page 13/237] Phase: content triage         done in 0.00s
2026-07-21 11:27:57,331 INFO dmef.pipeline [Page 13/237] Phase: classification         started
2026-07-21 11:27:57,344 INFO dmef.pipeline [Page 13/237] Phase: classification         done in 0.01s
2026-07-21 11:27:57,344 INFO dmef.pipeline [Page 13/237] Phase: field extraction       started
2026-07-21 11:28:03,064 INFO dmef.pipeline [Page 13/237] Phase: field extraction       done in 5.71s
2026-07-21 11:28:04,973 INFO dmef.pipeline [Page 13/237] Total page time: 27.08s
2026-07-21 11:28:04,982 INFO dmef.pipeline [Page 14/237] Phase: page load              started
2026-07-21 11:28:04,983 INFO dmef.pipeline [Page 14/237] Phase: page load              done in 0.00s
2026-07-21 11:28:04,983 INFO dmef.pipeline [Page 14/237] Phase: content triage         started
2026-07-21 11:28:04,983 INFO dmef.pipeline [Page 14/237] Phase: content triage         done in 0.00s
2026-07-21 11:28:04,986 INFO dmef.pipeline [Page 14/237] Phase: classification         started
2026-07-21 11:28:05,001 INFO dmef.pipeline [Page 14/237] Phase: classification         done in 0.01s
2026-07-21 11:28:05,003 INFO dmef.pipeline [Page 14/237] Phase: field extraction       started
2026-07-21 11:28:09,241 INFO dmef.pipeline [Page 14/237] Phase: field extraction       done in 4.24s
2026-07-21 11:28:11,273 INFO dmef.pipeline [Page 14/237] Total page time: 6.29s
2026-07-21 11:28:11,286 INFO dmef.pipeline [Page 15/237] Phase: page load              started
2026-07-21 11:28:11,286 INFO dmef.pipeline [Page 15/237] Phase: page load              done in 0.00s
2026-07-21 11:28:11,286 INFO dmef.pipeline [Page 15/237] Phase: content triage         started
2026-07-21 11:28:11,288 INFO dmef.pipeline [Page 15/237] Phase: content triage         done in 0.00s
2026-07-21 11:28:11,290 INFO dmef.pipeline [Page 15/237] Phase: classification         started
2026-07-21 11:28:11,290 INFO dmef.pipeline [Page 15/237] Phase: classification         done in 0.00s
2026-07-21 11:28:11,296 INFO dmef.pipeline [Page 15/237] Phase: field extraction       started
2026-07-21 11:28:11,296 INFO dmef.pipeline [Page 15/237] Phase: field extraction       done in 0.00s
2026-07-21 11:28:13,896 INFO dmef.pipeline [Page 15/237] Total page time: 2.61s
2026-07-21 11:28:13,906 INFO dmef.pipeline [Page 16/237] Phase: page load              started
2026-07-21 11:28:13,906 INFO dmef.pipeline [Page 16/237] Phase: page load              done in 0.00s
2026-07-21 11:28:13,906 INFO dmef.pipeline [Page 16/237] Phase: content triage         started
2026-07-21 11:28:13,908 INFO dmef.pipeline [Page 16/237] Phase: content triage         done in 0.00s
2026-07-21 11:28:13,910 INFO dmef.pipeline [Page 16/237] Phase: classification         started
2026-07-21 11:28:13,912 INFO dmef.pipeline [Page 16/237] Phase: classification         done in 0.00s
2026-07-21 11:28:13,914 INFO dmef.pipeline [Page 16/237] Phase: field extraction       started
2026-07-21 11:28:13,914 INFO dmef.pipeline [Page 16/237] Phase: field extraction       done in 0.00s
2026-07-21 11:28:16,537 INFO dmef.pipeline [Page 16/237] Total page time: 2.63s
2026-07-21 11:28:16,549 INFO dmef.pipeline [Page 17/237] Phase: page load              started
2026-07-21 11:28:16,549 INFO dmef.pipeline [Page 17/237] Phase: page load              done in 0.00s
2026-07-21 11:28:16,549 INFO dmef.pipeline [Page 17/237] Phase: content triage         started
2026-07-21 11:28:16,549 INFO dmef.pipeline [Page 17/237] Phase: content triage         done in 0.00s
2026-07-21 11:28:16,553 INFO dmef.pipeline [Page 17/237] Phase: classification         started
2026-07-21 11:28:16,554 INFO dmef.pipeline [Page 17/237] Phase: classification         done in 0.00s
2026-07-21 11:28:16,557 INFO dmef.pipeline [Page 17/237] Phase: field extraction       started
2026-07-21 11:28:16,557 INFO dmef.pipeline [Page 17/237] Phase: field extraction       done in 0.00s
2026-07-21 11:28:19,255 INFO dmef.pipeline [Page 17/237] Total page time: 2.71s
2026-07-21 11:28:19,265 INFO dmef.pipeline [Page 18/237] Phase: page load              started
2026-07-21 11:28:19,265 INFO dmef.pipeline [Page 18/237] Phase: page load              done in 0.00s
2026-07-21 11:28:19,269 INFO dmef.pipeline [Page 18/237] Phase: content triage         started
2026-07-21 11:28:19,269 INFO dmef.pipeline [Page 18/237] Phase: content triage         done in 0.00s
2026-07-21 11:28:19,271 INFO dmef.pipeline [Page 18/237] Phase: classification         started
2026-07-21 11:28:19,273 INFO dmef.pipeline [Page 18/237] Phase: classification         done in 0.00s
2026-07-21 11:28:19,275 INFO dmef.pipeline [Page 18/237] Phase: field extraction       started
2026-07-21 11:28:19,275 INFO dmef.pipeline [Page 18/237] Phase: field extraction       done in 0.00s
2026-07-21 11:28:21,948 INFO dmef.pipeline [Page 18/237] Total page time: 2.68s
2026-07-21 11:28:21,959 INFO dmef.pipeline [Page 19/237] Phase: page load              started
2026-07-21 11:28:21,959 INFO dmef.pipeline [Page 19/237] Phase: page load              done in 0.00s
2026-07-21 11:28:21,959 INFO dmef.pipeline [Page 19/237] Phase: content triage         started
2026-07-21 11:28:21,959 INFO dmef.pipeline [Page 19/237] Phase: content triage         done in 0.00s
2026-07-21 11:28:21,965 INFO dmef.pipeline [Page 19/237] Phase: classification         started
2026-07-21 11:28:21,965 INFO dmef.pipeline [Page 19/237] Phase: classification         done in 0.00s
2026-07-21 11:28:21,970 INFO dmef.pipeline [Page 19/237] Phase: field extraction       started
2026-07-21 11:28:21,970 INFO dmef.pipeline [Page 19/237] Phase: field extraction       done in 0.00s
2026-07-21 11:28:24,582 INFO dmef.pipeline [Page 19/237] Total page time: 2.62s
2026-07-21 11:28:24,596 INFO dmef.pipeline [Page 20/237] Phase: page load              started
2026-07-21 11:28:24,596 INFO dmef.pipeline [Page 20/237] Phase: page load              done in 0.00s
2026-07-21 11:28:24,596 INFO dmef.pipeline [Page 20/237] Phase: content triage         started
2026-07-21 11:28:24,596 INFO dmef.pipeline [Page 20/237] Phase: content triage         done in 0.00s
2026-07-21 11:28:24,602 INFO dmef.pipeline [Page 20/237] Phase: classification         started
2026-07-21 11:28:24,602 INFO dmef.pipeline [Page 20/237] Phase: classification         done in 0.00s
2026-07-21 11:28:24,607 INFO dmef.pipeline [Page 20/237] Phase: field extraction       started
2026-07-21 11:28:24,607 INFO dmef.pipeline [Page 20/237] Phase: field extraction       done in 0.00s
2026-07-21 11:28:26,719 INFO dmef.pipeline [Page 20/237] Total page time: 2.12s
2026-07-21 11:28:26,729 INFO dmef.pipeline [Page 21/237] Phase: page load              started
2026-07-21 11:28:26,729 INFO dmef.pipeline [Page 21/237] Phase: page load              done in 0.00s
2026-07-21 11:28:26,729 INFO dmef.pipeline [Page 21/237] Phase: content triage         started
2026-07-21 11:28:26,729 INFO dmef.pipeline [Page 21/237] Phase: content triage         done in 0.00s
2026-07-21 11:28:26,733 INFO dmef.pipeline [Page 21/237] Phase: classification         started
2026-07-21 11:28:26,747 INFO dmef.pipeline [Page 21/237] Phase: classification         done in 0.02s
2026-07-21 11:28:26,758 INFO dmef.pipeline [Page 21/237] Phase: field extraction       started
2026-07-21 11:28:26,758 INFO dmef.pipeline [Page 21/237] Phase: field extraction       done in 0.00s
2026-07-21 11:28:29,500 INFO dmef.pipeline [Page 21/237] Total page time: 2.77s
2026-07-21 11:28:29,509 INFO dmef.pipeline [Page 22/237] Phase: page load              started
2026-07-21 11:28:29,510 INFO dmef.pipeline [Page 22/237] Phase: page load              done in 0.00s
2026-07-21 11:28:29,510 INFO dmef.pipeline [Page 22/237] Phase: content triage         started
2026-07-21 11:28:29,510 INFO dmef.pipeline [Page 22/237] Phase: content triage         done in 0.00s
2026-07-21 11:28:29,510 INFO dmef.pipeline [Page 22/237] Phase: classification         started
2026-07-21 11:28:29,510 INFO dmef.pipeline [Page 22/237] Phase: classification         done in 0.00s
2026-07-21 11:28:29,519 INFO dmef.pipeline [Page 22/237] Phase: field extraction       started
2026-07-21 11:28:29,519 INFO dmef.pipeline [Page 22/237] Phase: field extraction       done in 0.00s
2026-07-21 11:28:32,418 INFO dmef.pipeline [Page 22/237] Total page time: 2.91s
2026-07-21 11:28:32,427 INFO dmef.pipeline [Page 23/237] Phase: page load              started
2026-07-21 11:28:32,427 INFO dmef.pipeline [Page 23/237] Phase: page load              done in 0.00s
2026-07-21 11:28:32,427 INFO dmef.pipeline [Page 23/237] Phase: content triage         started
2026-07-21 11:28:32,427 INFO dmef.pipeline [Page 23/237] Phase: content triage         done in 0.00s
2026-07-21 11:28:32,432 INFO dmef.pipeline [Page 23/237] Phase: classification         started
2026-07-21 11:28:32,432 INFO dmef.pipeline [Page 23/237] Phase: classification         done in 0.00s
2026-07-21 11:28:32,436 INFO dmef.pipeline [Page 23/237] Phase: field extraction       started
2026-07-21 11:28:32,436 INFO dmef.pipeline [Page 23/237] Phase: field extraction       done in 0.00s
2026-07-21 11:28:35,263 INFO dmef.pipeline [Page 23/237] Total page time: 2.84s
2026-07-21 11:28:35,274 INFO dmef.pipeline [Page 24/237] Phase: page load              started
2026-07-21 11:28:35,274 INFO dmef.pipeline [Page 24/237] Phase: page load              done in 0.00s
2026-07-21 11:28:35,274 INFO dmef.pipeline [Page 24/237] Phase: content triage         started
2026-07-21 11:28:35,279 INFO dmef.pipeline [Page 24/237] Phase: content triage         done in 0.00s
2026-07-21 11:28:35,279 INFO dmef.pipeline [Page 24/237] Phase: classification         started
2026-07-21 11:28:35,283 INFO dmef.pipeline [Page 24/237] Phase: classification         done in 0.00s
2026-07-21 11:28:35,287 INFO dmef.pipeline [Page 24/237] Phase: field extraction       started
2026-07-21 11:28:35,287 INFO dmef.pipeline [Page 24/237] Phase: field extraction       done in 0.00s
2026-07-21 11:28:37,558 INFO dmef.pipeline [Page 24/237] Total page time: 2.28s
2026-07-21 11:28:37,568 INFO dmef.pipeline [Page 25/237] Phase: page load              started
2026-07-21 11:28:37,568 INFO dmef.pipeline [Page 25/237] Phase: page load              done in 0.00s
2026-07-21 11:28:37,568 INFO dmef.pipeline [Page 25/237] Phase: content triage         started
2026-07-21 11:28:37,568 INFO dmef.pipeline [Page 25/237] Phase: content triage         done in 0.00s
2026-07-21 11:28:37,575 INFO dmef.pipeline [Page 25/237] Phase: classification         started
2026-07-21 11:28:37,576 INFO dmef.pipeline [Page 25/237] Phase: classification         done in 0.00s
2026-07-21 11:28:37,580 INFO dmef.pipeline [Page 25/237] Phase: field extraction       started
2026-07-21 11:28:37,580 INFO dmef.pipeline [Page 25/237] Phase: field extraction       done in 0.00s
2026-07-21 11:28:40,049 INFO dmef.pipeline [Page 25/237] Total page time: 2.48s
2026-07-21 11:28:40,064 INFO dmef.pipeline [Page 26/237] Phase: page load              started
2026-07-21 11:28:40,064 INFO dmef.pipeline [Page 26/237] Phase: page load              done in 0.00s
2026-07-21 11:28:40,064 INFO dmef.pipeline [Page 26/237] Phase: content triage         started
2026-07-21 11:28:40,066 INFO dmef.pipeline [Page 26/237] Phase: content triage         done in 0.00s
2026-07-21 11:28:40,068 INFO dmef.pipeline [Page 26/237] Phase: classification         started
2026-07-21 11:28:40,070 INFO dmef.pipeline [Page 26/237] Phase: classification         done in 0.00s
2026-07-21 11:28:40,072 INFO dmef.pipeline [Page 26/237] Phase: field extraction       started
2026-07-21 11:28:40,074 INFO dmef.pipeline [Page 26/237] Phase: field extraction       done in 0.00s
2026-07-21 11:28:42,708 INFO dmef.pipeline [Page 26/237] Total page time: 2.65s
2026-07-21 11:28:42,718 INFO dmef.pipeline [Page 27/237] Phase: page load              started
2026-07-21 11:28:42,718 INFO dmef.pipeline [Page 27/237] Phase: page load              done in 0.00s
2026-07-21 11:28:42,718 INFO dmef.pipeline [Page 27/237] Phase: content triage         started
2026-07-21 11:28:42,718 INFO dmef.pipeline [Page 27/237] Phase: content triage         done in 0.00s
2026-07-21 11:28:42,722 INFO dmef.pipeline [Page 27/237] Phase: classification         started
2026-07-21 11:28:42,723 INFO dmef.pipeline [Page 27/237] Phase: classification         done in 0.00s
2026-07-21 11:28:42,724 INFO dmef.pipeline [Page 27/237] Phase: field extraction       started
2026-07-21 11:28:42,727 INFO dmef.pipeline [Page 27/237] Phase: field extraction       done in 0.00s
2026-07-21 11:28:45,111 INFO dmef.pipeline [Page 27/237] Total page time: 2.40s
2026-07-21 11:28:45,123 INFO dmef.pipeline [Page 28/237] Phase: page load              started
2026-07-21 11:28:45,123 INFO dmef.pipeline [Page 28/237] Phase: page load              done in 0.00s
2026-07-21 11:28:45,123 INFO dmef.pipeline [Page 28/237] Phase: content triage         started
2026-07-21 11:28:45,123 INFO dmef.pipeline [Page 28/237] Phase: content triage         done in 0.00s
2026-07-21 11:28:45,128 INFO dmef.pipeline [Page 28/237] Phase: classification         started
2026-07-21 11:28:45,128 INFO dmef.pipeline [Page 28/237] Phase: classification         done in 0.00s
2026-07-21 11:28:45,131 INFO dmef.pipeline [Page 28/237] Phase: field extraction       started
2026-07-21 11:28:45,131 INFO dmef.pipeline [Page 28/237] Phase: field extraction       done in 0.00s
2026-07-21 11:28:47,203 INFO dmef.pipeline [Page 28/237] Total page time: 2.08s
2026-07-21 11:28:47,213 INFO dmef.pipeline [Page 29/237] Phase: page load              started
2026-07-21 11:28:47,213 INFO dmef.pipeline [Page 29/237] Phase: page load              done in 0.00s
2026-07-21 11:28:47,216 INFO dmef.pipeline [Page 29/237] Phase: content triage         started
2026-07-21 11:28:47,216 INFO dmef.pipeline [Page 29/237] Phase: content triage         done in 0.00s
2026-07-21 11:28:47,218 INFO dmef.pipeline [Page 29/237] Phase: classification         started
2026-07-21 11:28:47,221 INFO dmef.pipeline [Page 29/237] Phase: classification         done in 0.00s
2026-07-21 11:28:47,224 INFO dmef.pipeline [Page 29/237] Phase: field extraction       started
2026-07-21 11:28:47,224 INFO dmef.pipeline [Page 29/237] Phase: field extraction       done in 0.00s
2026-07-21 11:28:49,912 INFO dmef.pipeline [Page 29/237] Total page time: 2.70s
2026-07-21 11:28:49,922 INFO dmef.pipeline [Page 30/237] Phase: page load              started
2026-07-21 11:28:49,922 INFO dmef.pipeline [Page 30/237] Phase: page load              done in 0.00s
2026-07-21 11:28:49,922 INFO dmef.pipeline [Page 30/237] Phase: content triage         started
2026-07-21 11:28:49,922 INFO dmef.pipeline [Page 30/237] Phase: content triage         done in 0.00s
2026-07-21 11:28:49,922 INFO dmef.pipeline [Page 30/237] Phase: classification         started
2026-07-21 11:28:49,951 INFO dmef.pipeline [Page 30/237] Phase: classification         done in 0.03s
2026-07-21 11:28:49,958 INFO dmef.pipeline [Page 30/237] Phase: field extraction       started
2026-07-21 11:28:49,958 INFO dmef.pipeline [Page 30/237] Phase: field extraction       done in 0.00s
2026-07-21 11:28:52,736 INFO dmef.pipeline [Page 30/237] Total page time: 2.81s
2026-07-21 11:28:52,747 INFO dmef.pipeline [Page 31/237] Phase: page load              started
2026-07-21 11:28:52,747 INFO dmef.pipeline [Page 31/237] Phase: page load              done in 0.00s
2026-07-21 11:28:52,747 INFO dmef.pipeline [Page 31/237] Phase: content triage         started
2026-07-21 11:28:52,747 INFO dmef.pipeline [Page 31/237] Phase: content triage         done in 0.00s
2026-07-21 11:28:52,750 INFO dmef.pipeline [Page 31/237] Phase: classification         started
2026-07-21 11:28:55,844 INFO dmef.pipeline [Page 31/237] Phase: classification         done in 3.09s
2026-07-21 11:28:55,854 INFO dmef.pipeline [Page 31/237] Phase: field extraction       started
2026-07-21 11:28:55,856 INFO dmef.pipeline [Page 31/237] Phase: field extraction       done in 0.00s
2026-07-21 11:28:58,917 INFO dmef.pipeline [Page 31/237] Total page time: 6.17s
2026-07-21 11:28:58,929 INFO dmef.pipeline [Page 32/237] Phase: page load              started
2026-07-21 11:28:58,929 INFO dmef.pipeline [Page 32/237] Phase: page load              done in 0.00s
2026-07-21 11:28:58,929 INFO dmef.pipeline [Page 32/237] Phase: content triage         started
2026-07-21 11:28:58,931 INFO dmef.pipeline [Page 32/237] Phase: content triage         done in 0.00s
2026-07-21 11:28:58,932 INFO dmef.pipeline [Page 32/237] Phase: classification         started
2026-07-21 11:29:01,746 INFO dmef.pipeline [Page 32/237] Phase: classification         done in 2.81s
2026-07-21 11:29:01,751 INFO dmef.pipeline [Page 32/237] Phase: field extraction       started
2026-07-21 11:29:01,753 INFO dmef.pipeline [Page 32/237] Phase: field extraction       done in 0.00s
2026-07-21 11:29:04,797 INFO dmef.pipeline [Page 32/237] Total page time: 5.87s
2026-07-21 11:29:04,809 INFO dmef.pipeline [Page 33/237] Phase: page load              started
2026-07-21 11:29:04,809 INFO dmef.pipeline [Page 33/237] Phase: page load              done in 0.00s
2026-07-21 11:29:04,809 INFO dmef.pipeline [Page 33/237] Phase: content triage         started
2026-07-21 11:29:04,809 INFO dmef.pipeline [Page 33/237] Phase: content triage         done in 0.00s
2026-07-21 11:29:04,812 INFO dmef.pipeline [Page 33/237] Phase: classification         started
2026-07-21 11:29:04,812 INFO dmef.pipeline [Page 33/237] Phase: classification         done in 0.00s
2026-07-21 11:29:04,818 INFO dmef.pipeline [Page 33/237] Phase: field extraction       started
2026-07-21 11:29:07,277 INFO dmef.pipeline [Page 33/237] Phase: field extraction       done in 2.46s
2026-07-21 11:29:10,012 INFO dmef.pipeline [Page 33/237] Total page time: 5.21s
2026-07-21 11:29:10,018 INFO dmef.pipeline [Page 34/237] Phase: page load              started
2026-07-21 11:29:10,018 INFO dmef.pipeline [Page 34/237] Phase: page load              done in 0.00s
2026-07-21 11:29:10,018 INFO dmef.pipeline [Page 34/237] Phase: content triage         started
2026-07-21 11:29:10,018 INFO dmef.pipeline [Page 34/237] Phase: content triage         done in 0.00s
2026-07-21 11:29:10,026 INFO dmef.pipeline [Page 34/237] Phase: classification         started
2026-07-21 11:29:10,053 INFO dmef.pipeline [Page 34/237] Phase: classification         done in 0.03s
2026-07-21 11:29:10,057 INFO dmef.pipeline [Page 34/237] Phase: field extraction       started
2026-07-21 11:29:10,058 INFO dmef.pipeline [Page 34/237] Phase: field extraction       done in 0.00s
2026-07-21 11:29:12,706 INFO dmef.pipeline [Page 34/237] Total page time: 2.69s
2026-07-21 11:29:12,715 INFO dmef.pipeline [Page 35/237] Phase: page load              started
2026-07-21 11:29:12,716 INFO dmef.pipeline [Page 35/237] Phase: page load              done in 0.00s
2026-07-21 11:29:12,717 INFO dmef.pipeline [Page 35/237] Phase: content triage         started
2026-07-21 11:29:12,717 INFO dmef.pipeline [Page 35/237] Phase: content triage         done in 0.00s
2026-07-21 11:29:12,719 INFO dmef.pipeline [Page 35/237] Phase: classification         started
2026-07-21 11:29:12,721 INFO dmef.pipeline [Page 35/237] Phase: classification         done in 0.00s
2026-07-21 11:29:12,721 INFO dmef.pipeline [Page 35/237] Phase: field extraction       started
2026-07-21 11:29:12,721 INFO dmef.pipeline [Page 35/237] Phase: field extraction       done in 0.00s
2026-07-21 11:29:15,747 INFO dmef.pipeline [Page 35/237] Total page time: 3.03s
2026-07-21 11:29:15,752 INFO dmef.pipeline [Page 36/237] Phase: page load              started
2026-07-21 11:29:15,752 INFO dmef.pipeline [Page 36/237] Phase: page load              done in 0.00s
2026-07-21 11:29:15,758 INFO dmef.pipeline [Page 36/237] Phase: content triage         started
2026-07-21 11:29:15,758 INFO dmef.pipeline [Page 36/237] Phase: content triage         done in 0.00s
2026-07-21 11:29:15,761 INFO dmef.pipeline [Page 36/237] Phase: classification         started
2026-07-21 11:29:15,761 INFO dmef.pipeline [Page 36/237] Phase: classification         done in 0.00s
2026-07-21 11:29:15,765 INFO dmef.pipeline [Page 36/237] Phase: field extraction       started
2026-07-21 11:29:17,625 INFO dmef.pipeline [Page 36/237] Phase: field extraction       done in 1.86s
2026-07-21 11:29:19,224 INFO dmef.pipeline [Page 36/237] Total page time: 3.47s
2026-07-21 11:29:19,234 INFO dmef.pipeline [Page 37/237] Phase: page load              started
2026-07-21 11:29:19,234 INFO dmef.pipeline [Page 37/237] Phase: page load              done in 0.00s
2026-07-21 11:29:19,234 INFO dmef.pipeline [Page 37/237] Phase: OCR (PaddleOCR)        started
2026-07-21 11:29:59,663 INFO dmef.pipeline [Page 37/237] Phase: OCR (PaddleOCR)        done in 40.43s
2026-07-21 11:29:59,667 INFO dmef.pipeline [Page 37/237] Phase: content triage         started
2026-07-21 11:29:59,667 INFO dmef.pipeline [Page 37/237] Phase: content triage         done in 0.00s
2026-07-21 11:29:59,669 INFO dmef.pipeline [Page 37/237] Phase: classification         started
2026-07-21 11:29:59,701 INFO dmef.pipeline [Page 37/237] Phase: classification         done in 0.03s
2026-07-21 11:29:59,701 INFO dmef.pipeline [Page 37/237] Phase: field extraction       started
2026-07-21 11:29:59,701 INFO dmef.pipeline [Page 37/237] Phase: field extraction       done in 0.00s
2026-07-21 11:30:02,272 INFO dmef.pipeline [Page 37/237] Total page time: 43.04s
2026-07-21 11:30:02,278 INFO dmef.pipeline [Page 38/237] Phase: page load              started
2026-07-21 11:30:02,278 INFO dmef.pipeline [Page 38/237] Phase: page load              done in 0.00s
2026-07-21 11:30:02,278 INFO dmef.pipeline [Page 38/237] Phase: OCR (PaddleOCR)        started
2026-07-21 11:30:38,259 INFO dmef.pipeline [Page 38/237] Phase: OCR (PaddleOCR)        done in 35.98s
2026-07-21 11:30:38,259 INFO dmef.pipeline [Page 38/237] Phase: content triage         started
2026-07-21 11:30:38,259 INFO dmef.pipeline [Page 38/237] Phase: content triage         done in 0.00s
2026-07-21 11:30:38,263 INFO dmef.pipeline [Page 38/237] Phase: classification         started
2026-07-21 11:30:40,659 INFO dmef.pipeline [Page 38/237] Phase: classification         done in 2.39s
2026-07-21 11:30:40,664 INFO dmef.pipeline [Page 38/237] Phase: field extraction       started
2026-07-21 11:30:44,743 INFO dmef.pipeline [Page 38/237] Phase: field extraction       done in 4.08s
2026-07-21 11:30:46,965 INFO dmef.pipeline [Page 38/237] Total page time: 44.69s
2026-07-21 11:30:46,974 INFO dmef.pipeline [Page 39/237] Phase: page load              started
2026-07-21 11:30:46,975 INFO dmef.pipeline [Page 39/237] Phase: page load              done in 0.00s
2026-07-21 11:30:46,975 INFO dmef.pipeline [Page 39/237] Phase: OCR (PaddleOCR)        started
2026-07-21 11:31:14,493 INFO dmef.pipeline [Page 39/237] Phase: OCR (PaddleOCR)        done in 27.52s
2026-07-21 11:31:14,493 INFO dmef.pipeline [Page 39/237] Phase: content triage         started
2026-07-21 11:31:14,493 INFO dmef.pipeline [Page 39/237] Phase: content triage         done in 0.00s
2026-07-21 11:31:14,497 INFO dmef.pipeline [Page 39/237] Phase: classification         started
2026-07-21 11:31:16,675 INFO dmef.pipeline [Page 39/237] Phase: classification         done in 2.17s
2026-07-21 11:31:16,682 INFO dmef.pipeline [Page 39/237] Phase: field extraction       started
2026-07-21 11:31:16,683 INFO dmef.pipeline [Page 39/237] Phase: field extraction       done in 0.00s
2026-07-21 11:31:19,208 INFO dmef.pipeline [Page 39/237] Total page time: 32.24s
2026-07-21 11:31:19,216 INFO dmef.pipeline [Page 40/237] Phase: page load              started
2026-07-21 11:31:19,216 INFO dmef.pipeline [Page 40/237] Phase: page load              done in 0.00s
2026-07-21 11:31:19,216 INFO dmef.pipeline [Page 40/237] Phase: OCR (PaddleOCR)        started
2026-07-21 11:32:02,190 INFO dmef.pipeline [Page 40/237] Phase: OCR (PaddleOCR)        done in 42.97s
2026-07-21 11:32:02,201 INFO dmef.pipeline [Page 40/237] Phase: content triage         started
2026-07-21 11:32:02,201 INFO dmef.pipeline [Page 40/237] Phase: content triage         done in 0.00s
2026-07-21 11:32:02,212 INFO dmef.pipeline [Page 40/237] Phase: classification         started
2026-07-21 11:32:04,832 INFO dmef.pipeline [Page 40/237] Phase: classification         done in 2.62s
2026-07-21 11:32:04,843 INFO dmef.pipeline [Page 40/237] Phase: field extraction       started
2026-07-21 11:32:04,843 INFO dmef.pipeline [Page 40/237] Phase: field extraction       done in 0.00s
2026-07-21 11:32:08,247 INFO dmef.pipeline [Page 40/237] Total page time: 49.03s
2026-07-21 11:32:08,253 INFO dmef.pipeline [Page 41/237] Phase: page load              started
2026-07-21 11:32:08,253 INFO dmef.pipeline [Page 41/237] Phase: page load              done in 0.00s
2026-07-21 11:32:08,253 INFO dmef.pipeline [Page 41/237] Phase: OCR (PaddleOCR)        started
2026-07-21 11:33:01,137 INFO dmef.pipeline [Page 41/237] Phase: OCR (PaddleOCR)        done in 52.88s
2026-07-21 11:33:01,141 INFO dmef.pipeline [Page 41/237] Phase: content triage         started
2026-07-21 11:33:01,141 INFO dmef.pipeline [Page 41/237] Phase: content triage         done in 0.00s
2026-07-21 11:33:01,149 INFO dmef.pipeline [Page 41/237] Phase: classification         started
2026-07-21 11:33:01,185 INFO dmef.pipeline [Page 41/237] Phase: classification         done in 0.04s
2026-07-21 11:33:01,187 INFO dmef.pipeline [Page 41/237] Phase: field extraction       started
2026-07-21 11:33:05,219 INFO dmef.pipeline [Page 41/237] Phase: field extraction       done in 4.03s
2026-07-21 11:33:08,144 INFO dmef.pipeline [Page 41/237] Total page time: 59.89s
2026-07-21 11:33:08,150 INFO dmef.pipeline [Page 42/237] Phase: page load              started
2026-07-21 11:33:08,150 INFO dmef.pipeline [Page 42/237] Phase: page load              done in 0.00s
2026-07-21 11:33:08,150 INFO dmef.pipeline [Page 42/237] Phase: OCR (PaddleOCR)        started
2026-07-21 11:33:19,741 INFO dmef.pipeline [Page 42/237] Phase: OCR (PaddleOCR)        done in 11.59s
2026-07-21 11:33:19,741 INFO dmef.pipeline [Page 42/237] Phase: content triage         started
2026-07-21 11:33:19,741 INFO dmef.pipeline [Page 42/237] Phase: content triage         done in 0.00s
2026-07-21 11:33:19,747 INFO dmef.pipeline [Page 42/237] Phase: classification         started
2026-07-21 11:33:22,463 INFO dmef.pipeline [Page 42/237] Phase: classification         done in 2.71s
2026-07-21 11:33:22,469 INFO dmef.pipeline [Page 42/237] Phase: field extraction       started
2026-07-21 11:33:22,471 INFO dmef.pipeline [Page 42/237] Phase: field extraction       done in 0.00s
2026-07-21 11:33:24,704 WARNING services.structured_llm_classifier Configured LLM (ollama) not available - continuing with standard classification: malformed response
Configured LLM (ollama) not available - continuing with standard classification
2026-07-21 11:33:24,709 INFO dmef.pipeline [Page 42/237] Total page time: 16.56s
2026-07-21 11:33:24,715 INFO dmef.pipeline [Page 43/237] Phase: page load              started
2026-07-21 11:33:24,715 INFO dmef.pipeline [Page 43/237] Phase: page load              done in 0.00s
2026-07-21 11:33:24,720 INFO dmef.pipeline [Page 43/237] Phase: OCR (PaddleOCR)        started
2026-07-21 11:34:26,346 ERROR services.ocr_engine OCR failed for C:\Users\siddd\Documents\MS-fincap\document-validation-mvp\data\processed\application_56\pages\jernkfg_20260721112540_page_0043.png (hi)
Traceback (most recent call last):
  File "C:\Users\siddd\Documents\MS-fincap\document-validation-mvp\services\ocr_engine.py", line 261, in _run_paddle_ocr_with_timeout
    return future.result(timeout=hard_timeout)
           ^^^^^^^^^^^^^^^^^^^^^^^^^^^^^^^^^^^
  File "C:\Users\siddd\AppData\Local\Programs\Python\Python311\Lib\concurrent\futures\_base.py", line 458, in result
    raise TimeoutError()
TimeoutError

The above exception was the direct cause of the following exception:

Traceback (most recent call last):
  File "C:\Users\siddd\Documents\MS-fincap\document-validation-mvp\services\ocr_engine.py", line 168, in run_ocr_on_page
    result = _run_paddle_ocr_with_timeout(model, image_path)
             ^^^^^^^^^^^^^^^^^^^^^^^^^^^^^^^^^^^^^^^^^^^^^^^
  File "C:\Users\siddd\Documents\MS-fincap\document-validation-mvp\services\ocr_engine.py", line 264, in _run_paddle_ocr_with_timeout
    raise TimeoutError(f"OCR exceeded hard timeout of {hard_timeout}s") from exc
TimeoutError: OCR exceeded hard timeout of 60s
INFO:     127.0.0.1:60394 - "GET /health HTTP/1.1" 200 OK
INFO:     127.0.0.1:51113 - "GET /upload/56/progress HTTP/1.1" 200 OK
INFO:     127.0.0.1:51113 - "GET /upload/56/progress HTTP/1.1" 200 OK
INFO:     127.0.0.1:51113 - "GET /upload/56/progress HTTP/1.1" 200 OK
INFO:     127.0.0.1:51113 - "GET /upload/56/progress HTTP/1.1" 200 OK
INFO:     127.0.0.1:54825 - "GET /health HTTP/1.1" 200 OK
INFO:     127.0.0.1:53736 - "GET /upload/56/progress HTTP/1.1" 200 OK
INFO:     127.0.0.1:53736 - "GET /upload/56/progress HTTP/1.1" 200 OK
2026-07-21 11:35:28,051 ERROR services.ocr_engine OCR failed for C:\Users\siddd\Documents\MS-fincap\document-validation-mvp\data\processed\application_56\pages\jernkfg_20260721112540_page_0043.png (en)
Traceback (most recent call last):
  File "C:\Users\siddd\Documents\MS-fincap\document-validation-mvp\services\ocr_engine.py", line 261, in _run_paddle_ocr_with_timeout
    return future.result(timeout=hard_timeout)
           ^^^^^^^^^^^^^^^^^^^^^^^^^^^^^^^^^^^
  File "C:\Users\siddd\AppData\Local\Programs\Python\Python311\Lib\concurrent\futures\_base.py", line 458, in result
    raise TimeoutError()
TimeoutError

The above exception was the direct cause of the following exception:

Traceback (most recent call last):
  File "C:\Users\siddd\Documents\MS-fincap\document-validation-mvp\services\ocr_engine.py", line 168, in run_ocr_on_page
    result = _run_paddle_ocr_with_timeout(model, image_path)
             ^^^^^^^^^^^^^^^^^^^^^^^^^^^^^^^^^^^^^^^^^^^^^^^
  File "C:\Users\siddd\Documents\MS-fincap\document-validation-mvp\services\ocr_engine.py", line 264, in _run_paddle_ocr_with_timeout
    raise TimeoutError(f"OCR exceeded hard timeout of {hard_timeout}s") from exc
TimeoutError: OCR exceeded hard timeout of 60s
2026-07-21 11:35:28,057 INFO dmef.pipeline [Page 43/237] Phase: OCR (PaddleOCR)        done in 123.34s
2026-07-21 11:35:28,059 INFO dmef.pipeline [Page 43/237] Phase: content triage         started
2026-07-21 11:35:28,059 INFO dmef.pipeline [Page 43/237] Phase: content triage         done in 0.00s
2026-07-21 11:35:28,059 INFO dmef.pipeline [Page 43/237] Total page time: 123.34s
2026-07-21 11:35:28,072 INFO dmef.pipeline [Page 44/237] Phase: page load              started
2026-07-21 11:35:28,072 INFO dmef.pipeline [Page 44/237] Phase: page load              done in 0.00s
2026-07-21 11:35:28,072 INFO dmef.pipeline [Page 44/237] Phase: OCR (PaddleOCR)        started
INFO:     127.0.0.1:51069 - "GET /health HTTP/1.1" 200 OK
INFO:     127.0.0.1:62957 - "GET /upload/56/progress HTTP/1.1" 200 OK
INFO:     127.0.0.1:62957 - "GET /upload/56/progress HTTP/1.1" 200 OK
INFO:     127.0.0.1:62957 - "GET /upload/56/progress HTTP/1.1" 200 OK
2026-07-21 11:35:53,858 INFO dmef.pipeline [Page 44/237] Phase: OCR (PaddleOCR)        done in 25.78s
2026-07-21 11:35:53,860 INFO dmef.pipeline [Page 44/237] Phase: content triage         started
2026-07-21 11:35:53,862 INFO dmef.pipeline [Page 44/237] Phase: content triage         done in 0.00s
2026-07-21 11:35:53,868 INFO dmef.pipeline [Page 44/237] Phase: classification         started
2026-07-21 11:35:55,935 INFO dmef.pipeline [Page 44/237] Phase: classification         done in 2.07s
2026-07-21 11:35:55,942 INFO dmef.pipeline [Page 44/237] Phase: field extraction       started
2026-07-21 11:35:55,942 INFO dmef.pipeline [Page 44/237] Phase: field extraction       done in 0.00s
2026-07-21 11:35:58,615 INFO dmef.pipeline [Page 44/237] Total page time: 30.55s
2026-07-21 11:35:58,626 INFO dmef.pipeline [Page 45/237] Phase: page load              started
2026-07-21 11:35:58,626 INFO dmef.pipeline [Page 45/237] Phase: page load              done in 0.00s
2026-07-21 11:35:58,628 INFO dmef.pipeline [Page 45/237] Phase: OCR (PaddleOCR)        started
2026-07-21 11:36:12,853 INFO dmef.pipeline [Page 45/237] Phase: OCR (PaddleOCR)        done in 14.23s
2026-07-21 11:36:12,859 INFO dmef.pipeline [Page 45/237] Phase: content triage         started
2026-07-21 11:36:12,860 INFO dmef.pipeline [Page 45/237] Phase: content triage         done in 0.00s
2026-07-21 11:36:12,862 INFO dmef.pipeline [Page 45/237] Phase: classification         started
2026-07-21 11:36:14,775 INFO dmef.pipeline [Page 45/237] Phase: classification         done in 1.91s
2026-07-21 11:36:14,778 INFO dmef.pipeline [Page 45/237] Phase: field extraction       started
2026-07-21 11:36:14,779 INFO dmef.pipeline [Page 45/237] Phase: field extraction       done in 0.00s
2026-07-21 11:36:16,193 INFO dmef.pipeline [Page 45/237] Total page time: 17.57s
2026-07-21 11:36:16,203 INFO dmef.pipeline [Page 46/237] Phase: page load              started
2026-07-21 11:36:16,204 INFO dmef.pipeline [Page 46/237] Phase: page load              done in 0.00s
2026-07-21 11:36:16,204 INFO dmef.pipeline [Page 46/237] Phase: content triage         started
2026-07-21 11:36:16,204 INFO dmef.pipeline [Page 46/237] Phase: content triage         done in 0.00s
2026-07-21 11:36:16,204 INFO dmef.pipeline [Page 46/237] Phase: classification         started
2026-07-21 11:36:16,228 INFO dmef.pipeline [Page 46/237] Phase: classification         done in 0.02s
2026-07-21 11:36:16,232 INFO dmef.pipeline [Page 46/237] Phase: field extraction       started
2026-07-21 11:36:16,234 INFO dmef.pipeline [Page 46/237] Phase: field extraction       done in 0.00s
2026-07-21 11:36:18,684 INFO dmef.pipeline [Page 46/237] Total page time: 2.48s
2026-07-21 11:36:18,694 INFO dmef.pipeline [Page 47/237] Phase: page load              started
2026-07-21 11:36:18,694 INFO dmef.pipeline [Page 47/237] Phase: page load              done in 0.00s
2026-07-21 11:36:18,694 INFO dmef.pipeline [Page 47/237] Phase: content triage         started
2026-07-21 11:36:18,698 INFO dmef.pipeline [Page 47/237] Phase: content triage         done in 0.00s
2026-07-21 11:36:18,702 INFO dmef.pipeline [Page 47/237] Phase: classification         started
2026-07-21 11:36:20,447 INFO dmef.pipeline [Page 47/237] Phase: classification         done in 1.74s
2026-07-21 11:36:20,454 INFO dmef.pipeline [Page 47/237] Phase: field extraction       started
2026-07-21 11:36:20,455 INFO dmef.pipeline [Page 47/237] Phase: field extraction       done in 0.00s
2026-07-21 11:36:22,270 INFO dmef.pipeline [Page 47/237] Total page time: 3.58s
2026-07-21 11:36:22,280 INFO dmef.pipeline [Page 48/237] Phase: page load              started
2026-07-21 11:36:22,280 INFO dmef.pipeline [Page 48/237] Phase: page load              done in 0.00s
2026-07-21 11:36:22,280 INFO dmef.pipeline [Page 48/237] Phase: content triage         started
2026-07-21 11:36:22,280 INFO dmef.pipeline [Page 48/237] Phase: content triage         done in 0.00s
2026-07-21 11:36:22,280 INFO dmef.pipeline [Page 48/237] Phase: classification         started
2026-07-21 11:36:24,630 INFO dmef.pipeline [Page 48/237] Phase: classification         done in 2.34s
2026-07-21 11:36:24,637 INFO dmef.pipeline [Page 48/237] Phase: field extraction       started
2026-07-21 11:36:24,638 INFO dmef.pipeline [Page 48/237] Phase: field extraction       done in 0.00s
2026-07-21 11:36:27,637 INFO dmef.pipeline [Page 48/237] Total page time: 5.36s
2026-07-21 11:36:27,649 INFO dmef.pipeline [Page 49/237] Phase: page load              started
2026-07-21 11:36:27,649 INFO dmef.pipeline [Page 49/237] Phase: page load              done in 0.00s
2026-07-21 11:36:27,649 INFO dmef.pipeline [Page 49/237] Phase: content triage         started
2026-07-21 11:36:27,649 INFO dmef.pipeline [Page 49/237] Phase: content triage         done in 0.00s
2026-07-21 11:36:27,649 INFO dmef.pipeline [Page 49/237] Phase: classification         started
2026-07-21 11:36:29,992 INFO dmef.pipeline [Page 49/237] Phase: classification         done in 2.34s
2026-07-21 11:36:29,999 INFO dmef.pipeline [Page 49/237] Phase: field extraction       started
2026-07-21 11:36:29,999 INFO dmef.pipeline [Page 49/237] Phase: field extraction       done in 0.00s
2026-07-21 11:36:32,286 INFO dmef.pipeline [Page 49/237] Total page time: 4.64s
2026-07-21 11:36:32,296 INFO dmef.pipeline [Page 50/237] Phase: page load              started
2026-07-21 11:36:32,296 INFO dmef.pipeline [Page 50/237] Phase: page load              done in 0.00s
2026-07-21 11:36:32,298 INFO dmef.pipeline [Page 50/237] Phase: content triage         started
2026-07-21 11:36:32,298 INFO dmef.pipeline [Page 50/237] Phase: content triage         done in 0.00s
2026-07-21 11:36:32,302 INFO dmef.pipeline [Page 50/237] Phase: classification         started
INFO:     127.0.0.1:59060 - "GET /health HTTP/1.1" 200 OK
INFO:     127.0.0.1:57091 - "GET /upload/56/progress HTTP/1.1" 200 OK
2026-07-21 11:36:34,154 INFO dmef.pipeline [Page 50/237] Phase: classification         done in 1.85s
2026-07-21 11:36:34,163 INFO dmef.pipeline [Page 50/237] Phase: field extraction       started
INFO:     127.0.0.1:57091 - "GET /upload/56/progress HTTP/1.1" 200 OK
INFO:     127.0.0.1:57091 - "GET /upload/56/progress HTTP/1.1" 200 OK
2026-07-21 11:36:36,936 INFO dmef.pipeline [Page 50/237] Phase: field extraction       done in 2.77s
INFO:     127.0.0.1:57091 - "GET /upload/56/progress HTTP/1.1" 200 OK
2026-07-21 11:36:39,567 INFO dmef.pipeline [Page 50/237] Total page time: 7.27s
2026-07-21 11:36:39,576 INFO dmef.pipeline [Page 51/237] Phase: page load              started
2026-07-21 11:36:39,576 INFO dmef.pipeline [Page 51/237] Phase: page load              done in 0.00s
2026-07-21 11:36:39,576 INFO dmef.pipeline [Page 51/237] Phase: content triage         started
2026-07-21 11:36:39,576 INFO dmef.pipeline [Page 51/237] Phase: content triage         done in 0.00s
2026-07-21 11:36:39,578 INFO dmef.pipeline [Page 51/237] Phase: classification         started
2026-07-21 11:36:39,592 INFO dmef.pipeline [Page 51/237] Phase: classification         done in 0.02s
2026-07-21 11:36:39,592 INFO dmef.pipeline [Page 51/237] Phase: field extraction       started
2026-07-21 11:36:39,603 INFO dmef.pipeline [Page 51/237] Phase: field extraction       done in 0.00s
INFO:     127.0.0.1:57091 - "GET /upload/56/progress HTTP/1.1" 200 OK
2026-07-21 11:36:41,662 INFO dmef.pipeline [Page 51/237] Total page time: 2.09s
2026-07-21 11:36:41,671 INFO dmef.pipeline [Page 52/237] Phase: page load              started
2026-07-21 11:36:41,672 INFO dmef.pipeline [Page 52/237] Phase: page load              done in 0.00s
2026-07-21 11:36:41,672 INFO dmef.pipeline [Page 52/237] Phase: content triage         started
2026-07-21 11:36:41,673 INFO dmef.pipeline [Page 52/237] Phase: content triage         done in 0.00s
2026-07-21 11:36:41,675 INFO dmef.pipeline [Page 52/237] Phase: classification         started
2026-07-21 11:36:41,704 INFO dmef.pipeline [Page 52/237] Phase: classification         done in 0.03s
2026-07-21 11:36:41,709 INFO dmef.pipeline [Page 52/237] Phase: field extraction       started
2026-07-21 11:36:41,709 INFO dmef.pipeline [Page 52/237] Phase: field extraction       done in 0.00s
INFO:     127.0.0.1:57091 - "GET /upload/56/progress HTTP/1.1" 200 OK
2026-07-21 11:36:43,882 INFO dmef.pipeline [Page 52/237] Total page time: 2.21s
2026-07-21 11:36:43,892 INFO dmef.pipeline [Page 53/237] Phase: page load              started
2026-07-21 11:36:43,894 INFO dmef.pipeline [Page 53/237] Phase: page load              done in 0.00s
2026-07-21 11:36:43,894 INFO dmef.pipeline [Page 53/237] Phase: content triage         started
2026-07-21 11:36:43,894 INFO dmef.pipeline [Page 53/237] Phase: content triage         done in 0.00s
2026-07-21 11:36:43,894 INFO dmef.pipeline [Page 53/237] Phase: classification         started
INFO:     127.0.0.1:57091 - "GET /upload/56/progress HTTP/1.1" 200 OK
INFO:     127.0.0.1:57091 - "GET /upload/56/progress HTTP/1.1" 200 OK
2026-07-21 11:36:47,256 INFO dmef.pipeline [Page 53/237] Phase: classification         done in 3.36s
2026-07-21 11:36:47,259 INFO dmef.pipeline [Page 53/237] Phase: field extraction       started
2026-07-21 11:36:47,261 INFO dmef.pipeline [Page 53/237] Phase: field extraction       done in 0.00s
INFO:     127.0.0.1:57091 - "GET /health HTTP/1.1" 200 OK
INFO:     127.0.0.1:57091 - "GET /upload/56/progress HTTP/1.1" 200 OK
2026-07-21 11:36:50,832 INFO dmef.pipeline [Page 53/237] Total page time: 6.94s
2026-07-21 11:36:50,841 INFO dmef.pipeline [Page 54/237] Phase: page load              started
2026-07-21 11:36:50,841 INFO dmef.pipeline [Page 54/237] Phase: page load              done in 0.00s
2026-07-21 11:36:50,841 INFO dmef.pipeline [Page 54/237] Phase: content triage         started
2026-07-21 11:36:50,841 INFO dmef.pipeline [Page 54/237] Phase: content triage         done in 0.00s
2026-07-21 11:36:50,851 INFO dmef.pipeline [Page 54/237] Phase: classification         started
INFO:     127.0.0.1:57091 - "GET /upload/56/progress HTTP/1.1" 200 OK
INFO:     127.0.0.1:57091 - "GET /upload/56/progress HTTP/1.1" 200 OK
2026-07-21 11:36:54,978 INFO dmef.pipeline [Page 54/237] Phase: classification         done in 4.13s
2026-07-21 11:36:54,985 INFO dmef.pipeline [Page 54/237] Phase: field extraction       started
2026-07-21 11:36:54,987 INFO dmef.pipeline [Page 54/237] Phase: field extraction       done in 0.00s
INFO:     127.0.0.1:57091 - "GET /upload/56/progress HTTP/1.1" 200 OK
INFO:     127.0.0.1:57091 - "GET /upload/56/progress HTTP/1.1" 200 OK
2026-07-21 11:36:58,386 INFO dmef.pipeline [Page 54/237] Total page time: 7.54s
2026-07-21 11:36:58,395 INFO dmef.pipeline [Page 55/237] Phase: page load              started
2026-07-21 11:36:58,397 INFO dmef.pipeline [Page 55/237] Phase: page load              done in 0.00s
2026-07-21 11:36:58,397 INFO dmef.pipeline [Page 55/237] Phase: content triage         started
2026-07-21 11:36:58,397 INFO dmef.pipeline [Page 55/237] Phase: content triage         done in 0.00s
2026-07-21 11:36:58,402 INFO dmef.pipeline [Page 55/237] Phase: classification         started
2026-07-21 11:36:58,427 INFO dmef.pipeline [Page 55/237] Phase: classification         done in 0.03s
2026-07-21 11:36:58,430 INFO dmef.pipeline [Page 55/237] Phase: field extraction       started
2026-07-21 11:36:58,430 INFO dmef.pipeline [Page 55/237] Phase: field extraction       done in 0.00s
INFO:     127.0.0.1:57091 - "GET /upload/56/progress HTTP/1.1" 200 OK
2026-07-21 11:37:00,857 INFO dmef.pipeline [Page 55/237] Total page time: 2.46s
2026-07-21 11:37:00,866 INFO dmef.pipeline [Page 56/237] Phase: page load              started
2026-07-21 11:37:00,867 INFO dmef.pipeline [Page 56/237] Phase: page load              done in 0.00s
2026-07-21 11:37:00,867 INFO dmef.pipeline [Page 56/237] Phase: content triage         started
2026-07-21 11:37:00,867 INFO dmef.pipeline [Page 56/237] Phase: content triage         done in 0.00s
2026-07-21 11:37:00,872 INFO dmef.pipeline [Page 56/237] Phase: classification         started
INFO:     127.0.0.1:57091 - "GET /upload/56/progress HTTP/1.1" 200 OK
INFO:     127.0.0.1:57091 - "GET /health HTTP/1.1" 200 OK
INFO:     127.0.0.1:57091 - "GET /upload/56/progress HTTP/1.1" 200 OK
2026-07-21 11:37:03,520 INFO dmef.pipeline [Page 56/237] Phase: classification         done in 2.65s
2026-07-21 11:37:03,523 INFO dmef.pipeline [Page 56/237] Phase: field extraction       started
2026-07-21 11:37:03,525 INFO dmef.pipeline [Page 56/237] Phase: field extraction       done in 0.00s
INFO:     127.0.0.1:57091 - "GET /upload/56/progress HTTP/1.1" 200 OK
2026-07-21 11:37:05,880 INFO dmef.pipeline [Page 56/237] Total page time: 5.02s
2026-07-21 11:37:05,894 INFO dmef.pipeline [Page 57/237] Phase: page load              started
2026-07-21 11:37:05,894 INFO dmef.pipeline [Page 57/237] Phase: page load              done in 0.00s
2026-07-21 11:37:05,894 INFO dmef.pipeline [Page 57/237] Phase: content triage         started
2026-07-21 11:37:05,894 INFO dmef.pipeline [Page 57/237] Phase: content triage         done in 0.00s
2026-07-21 11:37:05,897 INFO dmef.pipeline [Page 57/237] Phase: classification         started
2026-07-21 11:37:05,917 INFO dmef.pipeline [Page 57/237] Phase: classification         done in 0.02s
2026-07-21 11:37:05,920 INFO dmef.pipeline [Page 57/237] Phase: field extraction       started
INFO:     127.0.0.1:57091 - "GET /upload/56/progress HTTP/1.1" 200 OK
INFO:     127.0.0.1:57091 - "GET /upload/56/progress HTTP/1.1" 200 OK
2026-07-21 11:37:09,758 INFO dmef.pipeline [Page 57/237] Phase: field extraction       done in 3.84s
INFO:     127.0.0.1:57091 - "GET /upload/56/progress HTTP/1.1" 200 OK
2026-07-21 11:37:12,927 INFO dmef.pipeline [Page 57/237] Total page time: 7.04s
2026-07-21 11:37:12,939 INFO dmef.pipeline [Page 58/237] Phase: page load              started
2026-07-21 11:37:12,940 INFO dmef.pipeline [Page 58/237] Phase: page load              done in 0.00s
2026-07-21 11:37:12,940 INFO dmef.pipeline [Page 58/237] Phase: content triage         started
2026-07-21 11:37:12,942 INFO dmef.pipeline [Page 58/237] Phase: content triage         done in 0.00s
2026-07-21 11:37:12,944 INFO dmef.pipeline [Page 58/237] Phase: classification         started
INFO:     127.0.0.1:57091 - "GET /upload/56/progress HTTP/1.1" 200 OK
INFO:     127.0.0.1:57091 - "GET /upload/56/progress HTTP/1.1" 200 OK
2026-07-21 11:37:15,668 INFO dmef.pipeline [Page 58/237] Phase: classification         done in 2.72s
2026-07-21 11:37:15,674 INFO dmef.pipeline [Page 58/237] Phase: field extraction       started
2026-07-21 11:37:15,675 INFO dmef.pipeline [Page 58/237] Phase: field extraction       done in 0.00s
INFO:     127.0.0.1:57091 - "GET /upload/56/progress HTTP/1.1" 200 OK
INFO:     127.0.0.1:57091 - "GET /health HTTP/1.1" 200 OK
2026-07-21 11:37:18,437 INFO dmef.pipeline [Page 58/237] Total page time: 5.50s
2026-07-21 11:37:18,448 INFO dmef.pipeline [Page 59/237] Phase: page load              started
2026-07-21 11:37:18,448 INFO dmef.pipeline [Page 59/237] Phase: page load              done in 0.00s
2026-07-21 11:37:18,448 INFO dmef.pipeline [Page 59/237] Phase: content triage         started
2026-07-21 11:37:18,448 INFO dmef.pipeline [Page 59/237] Phase: content triage         done in 0.00s
2026-07-21 11:37:18,451 INFO dmef.pipeline [Page 59/237] Phase: classification         started
INFO:     127.0.0.1:57091 - "GET /upload/56/progress HTTP/1.1" 200 OK
2026-07-21 11:37:21,311 INFO dmef.pipeline [Page 59/237] Phase: classification         done in 2.86s
2026-07-21 11:37:21,315 INFO dmef.pipeline [Page 59/237] Phase: field extraction       started
2026-07-21 11:37:21,316 INFO dmef.pipeline [Page 59/237] Phase: field extraction       done in 0.00s
2026-07-21 11:37:23,915 INFO dmef.pipeline [Page 59/237] Total page time: 5.47s
2026-07-21 11:37:23,924 INFO dmef.pipeline [Page 60/237] Phase: page load              started
2026-07-21 11:37:23,924 INFO dmef.pipeline [Page 60/237] Phase: page load              done in 0.00s
2026-07-21 11:37:23,924 INFO dmef.pipeline [Page 60/237] Phase: content triage         started
2026-07-21 11:37:23,926 INFO dmef.pipeline [Page 60/237] Phase: content triage         done in 0.00s
2026-07-21 11:37:23,928 INFO dmef.pipeline [Page 60/237] Phase: classification         started
2026-07-21 11:37:26,993 INFO dmef.pipeline [Page 60/237] Phase: classification         done in 3.06s
2026-07-21 11:37:27,000 INFO dmef.pipeline [Page 60/237] Phase: field extraction       started
2026-07-21 11:37:27,000 INFO dmef.pipeline [Page 60/237] Phase: field extraction       done in 0.00s
2026-07-21 11:37:30,327 INFO dmef.pipeline [Page 60/237] Total page time: 6.40s
2026-07-21 11:37:30,340 INFO dmef.pipeline [Page 61/237] Phase: page load              started
2026-07-21 11:37:30,340 INFO dmef.pipeline [Page 61/237] Phase: page load              done in 0.00s
2026-07-21 11:37:30,342 INFO dmef.pipeline [Page 61/237] Phase: content triage         started
2026-07-21 11:37:30,342 INFO dmef.pipeline [Page 61/237] Phase: content triage         done in 0.00s
2026-07-21 11:37:30,344 INFO dmef.pipeline [Page 61/237] Phase: classification         started
INFO:     127.0.0.1:51148 - "GET /health HTTP/1.1" 200 OK
INFO:     127.0.0.1:50750 - "GET /upload/56/progress HTTP/1.1" 200 OK
2026-07-21 11:37:33,441 INFO dmef.pipeline [Page 61/237] Phase: classification         done in 3.10s
2026-07-21 11:37:33,444 INFO dmef.pipeline [Page 61/237] Phase: field extraction       started
2026-07-21 11:37:33,446 INFO dmef.pipeline [Page 61/237] Phase: field extraction       done in 0.00s
INFO:     127.0.0.1:50750 - "GET /upload/56/progress HTTP/1.1" 200 OK
2026-07-21 11:37:36,913 INFO dmef.pipeline [Page 61/237] Total page time: 6.58s
2026-07-21 11:37:36,924 INFO dmef.pipeline [Page 62/237] Phase: page load              started
2026-07-21 11:37:36,924 INFO dmef.pipeline [Page 62/237] Phase: page load              done in 0.00s
2026-07-21 11:37:36,924 INFO dmef.pipeline [Page 62/237] Phase: content triage         started
2026-07-21 11:37:36,924 INFO dmef.pipeline [Page 62/237] Phase: content triage         done in 0.00s
2026-07-21 11:37:36,924 INFO dmef.pipeline [Page 62/237] Phase: classification         started
2026-07-21 11:37:39,788 INFO dmef.pipeline [Page 62/237] Phase: classification         done in 2.86s
2026-07-21 11:37:39,792 INFO dmef.pipeline [Page 62/237] Phase: field extraction       started
2026-07-21 11:37:39,793 INFO dmef.pipeline [Page 62/237] Phase: field extraction       done in 0.00s
2026-07-21 11:37:42,632 INFO dmef.pipeline [Page 62/237] Total page time: 5.71s
2026-07-21 11:37:42,642 INFO dmef.pipeline [Page 63/237] Phase: page load              started
2026-07-21 11:37:42,642 INFO dmef.pipeline [Page 63/237] Phase: page load              done in 0.00s
2026-07-21 11:37:42,642 INFO dmef.pipeline [Page 63/237] Phase: content triage         started
2026-07-21 11:37:42,642 INFO dmef.pipeline [Page 63/237] Phase: content triage         done in 0.00s
2026-07-21 11:37:42,646 INFO dmef.pipeline [Page 63/237] Phase: classification         started
2026-07-21 11:37:44,610 INFO dmef.pipeline [Page 63/237] Phase: classification         done in 1.96s
2026-07-21 11:37:44,614 INFO dmef.pipeline [Page 63/237] Phase: field extraction       started
2026-07-21 11:37:44,615 INFO dmef.pipeline [Page 63/237] Phase: field extraction       done in 0.00s
2026-07-21 11:37:46,894 INFO dmef.pipeline [Page 63/237] Total page time: 4.26s
2026-07-21 11:37:46,906 INFO dmef.pipeline [Page 64/237] Phase: page load              started
2026-07-21 11:37:46,907 INFO dmef.pipeline [Page 64/237] Phase: page load              done in 0.00s
2026-07-21 11:37:46,907 INFO dmef.pipeline [Page 64/237] Phase: content triage         started
2026-07-21 11:37:46,907 INFO dmef.pipeline [Page 64/237] Phase: content triage         done in 0.00s
2026-07-21 11:37:46,911 INFO dmef.pipeline [Page 64/237] Phase: classification         started
2026-07-21 11:37:49,152 INFO dmef.pipeline [Page 64/237] Phase: classification         done in 2.24s
2026-07-21 11:37:49,159 INFO dmef.pipeline [Page 64/237] Phase: field extraction       started
2026-07-21 11:37:49,160 INFO dmef.pipeline [Page 64/237] Phase: field extraction       done in 0.00s
2026-07-21 11:37:51,335 INFO dmef.pipeline [Page 64/237] Total page time: 4.43s
2026-07-21 11:37:51,344 INFO dmef.pipeline [Page 65/237] Phase: page load              started
2026-07-21 11:37:51,344 INFO dmef.pipeline [Page 65/237] Phase: page load              done in 0.00s
2026-07-21 11:37:51,344 INFO dmef.pipeline [Page 65/237] Phase: content triage         started
2026-07-21 11:37:51,346 INFO dmef.pipeline [Page 65/237] Phase: content triage         done in 0.00s
2026-07-21 11:37:51,348 INFO dmef.pipeline [Page 65/237] Phase: classification         started
2026-07-21 11:37:51,374 INFO dmef.pipeline [Page 65/237] Phase: classification         done in 0.02s
2026-07-21 11:37:51,377 INFO dmef.pipeline [Page 65/237] Phase: field extraction       started
2026-07-21 11:37:51,377 INFO dmef.pipeline [Page 65/237] Phase: field extraction       done in 0.00s
2026-07-21 11:37:53,925 INFO dmef.pipeline [Page 65/237] Total page time: 2.58s
2026-07-21 11:37:53,935 INFO dmef.pipeline [Page 66/237] Phase: page load              started
2026-07-21 11:37:53,935 INFO dmef.pipeline [Page 66/237] Phase: page load              done in 0.00s
2026-07-21 11:37:53,935 INFO dmef.pipeline [Page 66/237] Phase: content triage         started
2026-07-21 11:37:53,935 INFO dmef.pipeline [Page 66/237] Phase: content triage         done in 0.00s
2026-07-21 11:37:53,939 INFO dmef.pipeline [Page 66/237] Phase: classification         started
2026-07-21 11:37:56,414 INFO dmef.pipeline [Page 66/237] Phase: classification         done in 2.47s
2026-07-21 11:37:56,421 INFO dmef.pipeline [Page 66/237] Phase: field extraction       started
2026-07-21 11:37:56,422 INFO dmef.pipeline [Page 66/237] Phase: field extraction       done in 0.00s
2026-07-21 11:37:59,664 INFO dmef.pipeline [Page 66/237] Total page time: 5.73s
2026-07-21 11:37:59,674 INFO dmef.pipeline [Page 67/237] Phase: page load              started
2026-07-21 11:37:59,674 INFO dmef.pipeline [Page 67/237] Phase: page load              done in 0.00s
2026-07-21 11:37:59,674 INFO dmef.pipeline [Page 67/237] Phase: content triage         started
2026-07-21 11:37:59,674 INFO dmef.pipeline [Page 67/237] Phase: content triage         done in 0.00s
2026-07-21 11:37:59,677 INFO dmef.pipeline [Page 67/237] Phase: classification         started
2026-07-21 11:38:02,521 INFO dmef.pipeline [Page 67/237] Phase: classification         done in 2.84s
2026-07-21 11:38:02,527 INFO dmef.pipeline [Page 67/237] Phase: field extraction       started
2026-07-21 11:38:06,910 INFO dmef.pipeline [Page 67/237] Phase: field extraction       done in 4.38s
2026-07-21 11:38:09,532 INFO dmef.pipeline [Page 67/237] Total page time: 9.86s
2026-07-21 11:38:09,542 INFO dmef.pipeline [Page 68/237] Phase: page load              started
2026-07-21 11:38:09,542 INFO dmef.pipeline [Page 68/237] Phase: page load              done in 0.00s
2026-07-21 11:38:09,542 INFO dmef.pipeline [Page 68/237] Phase: content triage         started
2026-07-21 11:38:09,544 INFO dmef.pipeline [Page 68/237] Phase: content triage         done in 0.00s
2026-07-21 11:38:09,546 INFO dmef.pipeline [Page 68/237] Phase: classification         started
2026-07-21 11:38:12,675 INFO dmef.pipeline [Page 68/237] Phase: classification         done in 3.13s
2026-07-21 11:38:12,681 INFO dmef.pipeline [Page 68/237] Phase: field extraction       started
2026-07-21 11:38:12,683 INFO dmef.pipeline [Page 68/237] Phase: field extraction       done in 0.00s
INFO:     127.0.0.1:55120 - "GET /health HTTP/1.1" 200 OK
INFO:     127.0.0.1:65360 - "GET /upload/56/progress HTTP/1.1" 200 OK
2026-07-21 11:38:15,611 INFO dmef.pipeline [Page 68/237] Total page time: 6.07s
2026-07-21 11:38:15,620 INFO dmef.pipeline [Page 69/237] Phase: page load              started
2026-07-21 11:38:15,620 INFO dmef.pipeline [Page 69/237] Phase: page load              done in 0.00s
2026-07-21 11:38:15,620 INFO dmef.pipeline [Page 69/237] Phase: content triage         started
2026-07-21 11:38:15,620 INFO dmef.pipeline [Page 69/237] Phase: content triage         done in 0.00s
2026-07-21 11:38:15,625 INFO dmef.pipeline [Page 69/237] Phase: classification         started
2026-07-21 11:38:15,671 INFO dmef.pipeline [Page 69/237] Phase: classification         done in 0.05s
2026-07-21 11:38:15,675 INFO dmef.pipeline [Page 69/237] Phase: field extraction       started
2026-07-21 11:38:15,677 INFO dmef.pipeline [Page 69/237] Phase: field extraction       done in 0.00s
INFO:     127.0.0.1:65360 - "GET /upload/56/progress HTTP/1.1" 200 OK
2026-07-21 11:38:18,330 INFO dmef.pipeline [Page 69/237] Total page time: 2.71s
2026-07-21 11:38:18,341 INFO dmef.pipeline [Page 70/237] Phase: page load              started
2026-07-21 11:38:18,341 INFO dmef.pipeline [Page 70/237] Phase: page load              done in 0.00s
2026-07-21 11:38:18,341 INFO dmef.pipeline [Page 70/237] Phase: content triage         started
2026-07-21 11:38:18,341 INFO dmef.pipeline [Page 70/237] Phase: content triage         done in 0.00s
2026-07-21 11:38:18,345 INFO dmef.pipeline [Page 70/237] Phase: classification         started
2026-07-21 11:38:18,377 INFO dmef.pipeline [Page 70/237] Phase: classification         done in 0.03s
2026-07-21 11:38:18,380 INFO dmef.pipeline [Page 70/237] Phase: field extraction       started
2026-07-21 11:38:18,380 INFO dmef.pipeline [Page 70/237] Phase: field extraction       done in 0.00s
2026-07-21 11:38:21,584 INFO dmef.pipeline [Page 70/237] Total page time: 3.24s
2026-07-21 11:38:21,594 INFO dmef.pipeline [Page 71/237] Phase: page load              started
2026-07-21 11:38:21,594 INFO dmef.pipeline [Page 71/237] Phase: page load              done in 0.00s
2026-07-21 11:38:21,594 INFO dmef.pipeline [Page 71/237] Phase: content triage         started
2026-07-21 11:38:21,594 INFO dmef.pipeline [Page 71/237] Phase: content triage         done in 0.00s
2026-07-21 11:38:21,594 INFO dmef.pipeline [Page 71/237] Phase: classification         started
2026-07-21 11:38:21,625 INFO dmef.pipeline [Page 71/237] Phase: classification         done in 0.03s
2026-07-21 11:38:21,633 INFO dmef.pipeline [Page 71/237] Phase: field extraction       started
2026-07-21 11:38:21,635 INFO dmef.pipeline [Page 71/237] Phase: field extraction       done in 0.00s
2026-07-21 11:38:24,131 INFO dmef.pipeline [Page 71/237] Total page time: 2.54s
2026-07-21 11:38:24,143 INFO dmef.pipeline [Page 72/237] Phase: page load              started
2026-07-21 11:38:24,143 INFO dmef.pipeline [Page 72/237] Phase: page load              done in 0.00s
2026-07-21 11:38:24,143 INFO dmef.pipeline [Page 72/237] Phase: content triage         started
2026-07-21 11:38:24,145 INFO dmef.pipeline [Page 72/237] Phase: content triage         done in 0.00s
2026-07-21 11:38:24,147 INFO dmef.pipeline [Page 72/237] Phase: classification         started
2026-07-21 11:38:26,727 INFO dmef.pipeline [Page 72/237] Phase: classification         done in 2.58s
2026-07-21 11:38:26,731 INFO dmef.pipeline [Page 72/237] Phase: field extraction       started
2026-07-21 11:38:26,732 INFO dmef.pipeline [Page 72/237] Phase: field extraction       done in 0.00s
2026-07-21 11:38:29,231 INFO dmef.pipeline [Page 72/237] Total page time: 5.09s
2026-07-21 11:38:29,242 INFO dmef.pipeline [Page 73/237] Phase: page load              started
2026-07-21 11:38:29,242 INFO dmef.pipeline [Page 73/237] Phase: page load              done in 0.00s
2026-07-21 11:38:29,242 INFO dmef.pipeline [Page 73/237] Phase: content triage         started
2026-07-21 11:38:29,244 INFO dmef.pipeline [Page 73/237] Phase: content triage         done in 0.00s
2026-07-21 11:38:29,246 INFO dmef.pipeline [Page 73/237] Phase: classification         started
2026-07-21 11:38:29,280 INFO dmef.pipeline [Page 73/237] Phase: classification         done in 0.03s
2026-07-21 11:38:29,282 INFO dmef.pipeline [Page 73/237] Phase: field extraction       started
2026-07-21 11:38:29,284 INFO dmef.pipeline [Page 73/237] Phase: field extraction       done in 0.00s
2026-07-21 11:38:32,260 INFO dmef.pipeline [Page 73/237] Total page time: 3.02s
2026-07-21 11:38:32,271 INFO dmef.pipeline [Page 74/237] Phase: page load              started
2026-07-21 11:38:32,271 INFO dmef.pipeline [Page 74/237] Phase: page load              done in 0.00s
2026-07-21 11:38:32,271 INFO dmef.pipeline [Page 74/237] Phase: content triage         started
2026-07-21 11:38:32,272 INFO dmef.pipeline [Page 74/237] Phase: content triage         done in 0.00s
2026-07-21 11:38:32,275 INFO dmef.pipeline [Page 74/237] Phase: classification         started
2026-07-21 11:38:32,308 INFO dmef.pipeline [Page 74/237] Phase: classification         done in 0.03s
2026-07-21 11:38:32,313 INFO dmef.pipeline [Page 74/237] Phase: field extraction       started
2026-07-21 11:38:32,314 INFO dmef.pipeline [Page 74/237] Phase: field extraction       done in 0.00s
2026-07-21 11:38:34,540 INFO dmef.pipeline [Page 74/237] Total page time: 2.27s
2026-07-21 11:38:34,549 INFO dmef.pipeline [Page 75/237] Phase: page load              started
2026-07-21 11:38:34,551 INFO dmef.pipeline [Page 75/237] Phase: page load              done in 0.00s
2026-07-21 11:38:34,551 INFO dmef.pipeline [Page 75/237] Phase: content triage         started
2026-07-21 11:38:34,553 INFO dmef.pipeline [Page 75/237] Phase: content triage         done in 0.00s
2026-07-21 11:38:34,556 INFO dmef.pipeline [Page 75/237] Phase: classification         started
2026-07-21 11:38:37,542 INFO dmef.pipeline [Page 75/237] Phase: classification         done in 2.99s
2026-07-21 11:38:37,546 INFO dmef.pipeline [Page 75/237] Phase: field extraction       started
2026-07-21 11:38:37,547 INFO dmef.pipeline [Page 75/237] Phase: field extraction       done in 0.00s
2026-07-21 11:38:40,327 INFO dmef.pipeline [Page 75/237] Total page time: 5.78s
2026-07-21 11:38:40,338 INFO dmef.pipeline [Page 76/237] Phase: page load              started
2026-07-21 11:38:40,338 INFO dmef.pipeline [Page 76/237] Phase: page load              done in 0.00s
2026-07-21 11:38:40,340 INFO dmef.pipeline [Page 76/237] Phase: content triage         started
2026-07-21 11:38:40,340 INFO dmef.pipeline [Page 76/237] Phase: content triage         done in 0.00s
2026-07-21 11:38:40,344 INFO dmef.pipeline [Page 76/237] Phase: classification         started
2026-07-21 11:38:42,578 INFO dmef.pipeline [Page 76/237] Phase: classification         done in 2.23s
2026-07-21 11:38:42,584 INFO dmef.pipeline [Page 76/237] Phase: field extraction       started
2026-07-21 11:38:42,585 INFO dmef.pipeline [Page 76/237] Phase: field extraction       done in 0.00s
2026-07-21 11:38:44,830 INFO dmef.pipeline [Page 76/237] Total page time: 4.50s
2026-07-21 11:38:44,839 INFO dmef.pipeline [Page 77/237] Phase: page load              started
2026-07-21 11:38:44,839 INFO dmef.pipeline [Page 77/237] Phase: page load              done in 0.00s
2026-07-21 11:38:44,839 INFO dmef.pipeline [Page 77/237] Phase: content triage         started
2026-07-21 11:38:44,839 INFO dmef.pipeline [Page 77/237] Phase: content triage         done in 0.00s
2026-07-21 11:38:44,842 INFO dmef.pipeline [Page 77/237] Phase: classification         started
2026-07-21 11:38:44,873 INFO dmef.pipeline [Page 77/237] Phase: classification         done in 0.03s
2026-07-21 11:38:44,883 INFO dmef.pipeline [Page 77/237] Phase: field extraction       started
2026-07-21 11:38:44,883 INFO dmef.pipeline [Page 77/237] Phase: field extraction       done in 0.00s
2026-07-21 11:38:47,556 INFO dmef.pipeline [Page 77/237] Total page time: 2.72s
2026-07-21 11:38:47,568 INFO dmef.pipeline [Page 78/237] Phase: page load              started
2026-07-21 11:38:47,568 INFO dmef.pipeline [Page 78/237] Phase: page load              done in 0.00s
2026-07-21 11:38:47,570 INFO dmef.pipeline [Page 78/237] Phase: content triage         started
2026-07-21 11:38:47,571 INFO dmef.pipeline [Page 78/237] Phase: content triage         done in 0.00s
2026-07-21 11:38:47,571 INFO dmef.pipeline [Page 78/237] Phase: classification         started
2026-07-21 11:38:50,038 INFO dmef.pipeline [Page 78/237] Phase: classification         done in 2.46s
2026-07-21 11:38:50,045 INFO dmef.pipeline [Page 78/237] Phase: field extraction       started
2026-07-21 11:38:50,046 INFO dmef.pipeline [Page 78/237] Phase: field extraction       done in 0.00s
2026-07-21 11:38:52,690 INFO dmef.pipeline [Page 78/237] Total page time: 5.12s
2026-07-21 11:38:52,700 INFO dmef.pipeline [Page 79/237] Phase: page load              started
2026-07-21 11:38:52,700 INFO dmef.pipeline [Page 79/237] Phase: page load              done in 0.00s
2026-07-21 11:38:52,700 INFO dmef.pipeline [Page 79/237] Phase: content triage         started
2026-07-21 11:38:52,700 INFO dmef.pipeline [Page 79/237] Phase: content triage         done in 0.00s
2026-07-21 11:38:52,703 INFO dmef.pipeline [Page 79/237] Phase: classification         started
2026-07-21 11:38:54,968 INFO dmef.pipeline [Page 79/237] Phase: classification         done in 2.26s
2026-07-21 11:38:54,975 INFO dmef.pipeline [Page 79/237] Phase: field extraction       started
2026-07-21 11:38:54,976 INFO dmef.pipeline [Page 79/237] Phase: field extraction       done in 0.00s
2026-07-21 11:38:57,299 INFO dmef.pipeline [Page 79/237] Total page time: 4.60s
2026-07-21 11:38:57,308 INFO dmef.pipeline [Page 80/237] Phase: page load              started
2026-07-21 11:38:57,308 INFO dmef.pipeline [Page 80/237] Phase: page load              done in 0.00s
2026-07-21 11:38:57,308 INFO dmef.pipeline [Page 80/237] Phase: content triage         started
2026-07-21 11:38:57,308 INFO dmef.pipeline [Page 80/237] Phase: content triage         done in 0.00s
2026-07-21 11:38:57,315 INFO dmef.pipeline [Page 80/237] Phase: classification         started
2026-07-21 11:38:59,360 INFO dmef.pipeline [Page 80/237] Phase: classification         done in 2.04s
2026-07-21 11:38:59,364 INFO dmef.pipeline [Page 80/237] Phase: field extraction       started
2026-07-21 11:38:59,365 INFO dmef.pipeline [Page 80/237] Phase: field extraction       done in 0.00s
2026-07-21 11:39:01,697 INFO dmef.pipeline [Page 80/237] Total page time: 4.39s
2026-07-21 11:39:01,706 INFO dmef.pipeline [Page 81/237] Phase: page load              started
2026-07-21 11:39:01,706 INFO dmef.pipeline [Page 81/237] Phase: page load              done in 0.00s
2026-07-21 11:39:01,708 INFO dmef.pipeline [Page 81/237] Phase: content triage         started
2026-07-21 11:39:01,708 INFO dmef.pipeline [Page 81/237] Phase: content triage         done in 0.00s
2026-07-21 11:39:01,708 INFO dmef.pipeline [Page 81/237] Phase: classification         started
2026-07-21 11:39:03,978 INFO dmef.pipeline [Page 81/237] Phase: classification         done in 2.27s
2026-07-21 11:39:03,983 INFO dmef.pipeline [Page 81/237] Phase: field extraction       started
2026-07-21 11:39:03,984 INFO dmef.pipeline [Page 81/237] Phase: field extraction       done in 0.00s
2026-07-21 11:39:06,810 INFO dmef.pipeline [Page 81/237] Total page time: 5.11s
2026-07-21 11:39:06,822 INFO dmef.pipeline [Page 82/237] Phase: page load              started
2026-07-21 11:39:06,822 INFO dmef.pipeline [Page 82/237] Phase: page load              done in 0.00s
2026-07-21 11:39:06,822 INFO dmef.pipeline [Page 82/237] Phase: content triage         started
2026-07-21 11:39:06,824 INFO dmef.pipeline [Page 82/237] Phase: content triage         done in 0.00s
2026-07-21 11:39:06,827 INFO dmef.pipeline [Page 82/237] Phase: classification         started
2026-07-21 11:39:09,152 INFO dmef.pipeline [Page 82/237] Phase: classification         done in 2.32s
2026-07-21 11:39:09,156 INFO dmef.pipeline [Page 82/237] Phase: field extraction       started
2026-07-21 11:39:09,157 INFO dmef.pipeline [Page 82/237] Phase: field extraction       done in 0.00s
INFO:     127.0.0.1:64693 - "GET /health HTTP/1.1" 200 OK
INFO:     127.0.0.1:51812 - "GET /upload/56/progress HTTP/1.1" 200 OK
INFO:     127.0.0.1:51812 - "GET /upload/56/progress HTTP/1.1" 200 OK
2026-07-21 11:39:12,234 INFO dmef.pipeline [Page 82/237] Total page time: 5.41s
2026-07-21 11:39:12,242 INFO dmef.pipeline [Page 83/237] Phase: page load              started
2026-07-21 11:39:12,242 INFO dmef.pipeline [Page 83/237] Phase: page load              done in 0.00s
2026-07-21 11:39:12,242 INFO dmef.pipeline [Page 83/237] Phase: content triage         started
2026-07-21 11:39:12,245 INFO dmef.pipeline [Page 83/237] Phase: content triage         done in 0.00s
2026-07-21 11:39:12,246 INFO dmef.pipeline [Page 83/237] Phase: classification         started
2026-07-21 11:39:12,275 INFO dmef.pipeline [Page 83/237] Phase: classification         done in 0.03s
2026-07-21 11:39:12,275 INFO dmef.pipeline [Page 83/237] Phase: field extraction       started
2026-07-21 11:39:12,275 INFO dmef.pipeline [Page 83/237] Phase: field extraction       done in 0.00s
INFO:     127.0.0.1:51812 - "GET /upload/56/progress HTTP/1.1" 200 OK
2026-07-21 11:39:14,721 INFO dmef.pipeline [Page 83/237] Total page time: 2.48s
2026-07-21 11:39:14,731 INFO dmef.pipeline [Page 84/237] Phase: page load              started
2026-07-21 11:39:14,732 INFO dmef.pipeline [Page 84/237] Phase: page load              done in 0.00s
2026-07-21 11:39:14,732 INFO dmef.pipeline [Page 84/237] Phase: content triage         started
2026-07-21 11:39:14,732 INFO dmef.pipeline [Page 84/237] Phase: content triage         done in 0.00s
2026-07-21 11:39:14,735 INFO dmef.pipeline [Page 84/237] Phase: classification         started
INFO:     127.0.0.1:51812 - "GET /upload/56/progress HTTP/1.1" 200 OK
2026-07-21 11:39:17,022 INFO dmef.pipeline [Page 84/237] Phase: classification         done in 2.29s
2026-07-21 11:39:17,027 INFO dmef.pipeline [Page 84/237] Phase: field extraction       started
2026-07-21 11:39:17,027 INFO dmef.pipeline [Page 84/237] Phase: field extraction       done in 0.00s
INFO:     127.0.0.1:51812 - "GET /upload/56/progress HTTP/1.1" 200 OK
2026-07-21 11:39:19,796 INFO dmef.pipeline [Page 84/237] Total page time: 5.07s
2026-07-21 11:39:19,806 INFO dmef.pipeline [Page 85/237] Phase: page load              started
2026-07-21 11:39:19,807 INFO dmef.pipeline [Page 85/237] Phase: page load              done in 0.00s
2026-07-21 11:39:19,807 INFO dmef.pipeline [Page 85/237] Phase: content triage         started
2026-07-21 11:39:19,808 INFO dmef.pipeline [Page 85/237] Phase: content triage         done in 0.00s
2026-07-21 11:39:19,810 INFO dmef.pipeline [Page 85/237] Phase: classification         started
INFO:     127.0.0.1:51812 - "GET /upload/56/progress HTTP/1.1" 200 OK
INFO:     127.0.0.1:51812 - "GET /upload/56/progress HTTP/1.1" 200 OK
2026-07-21 11:39:22,313 INFO dmef.pipeline [Page 85/237] Phase: classification         done in 2.50s
2026-07-21 11:39:22,317 INFO dmef.pipeline [Page 85/237] Phase: field extraction       started
2026-07-21 11:39:22,318 INFO dmef.pipeline [Page 85/237] Phase: field extraction       done in 0.00s
INFO:     127.0.0.1:51812 - "GET /upload/56/progress HTTP/1.1" 200 OK
2026-07-21 11:39:24,938 INFO dmef.pipeline [Page 85/237] Total page time: 5.13s
2026-07-21 11:39:24,950 INFO dmef.pipeline [Page 86/237] Phase: page load              started
2026-07-21 11:39:24,951 INFO dmef.pipeline [Page 86/237] Phase: page load              done in 0.00s
2026-07-21 11:39:24,951 INFO dmef.pipeline [Page 86/237] Phase: content triage         started
2026-07-21 11:39:24,952 INFO dmef.pipeline [Page 86/237] Phase: content triage         done in 0.00s
2026-07-21 11:39:24,954 INFO dmef.pipeline [Page 86/237] Phase: classification         started
2026-07-21 11:39:24,986 INFO dmef.pipeline [Page 86/237] Phase: classification         done in 0.03s
2026-07-21 11:39:24,989 INFO dmef.pipeline [Page 86/237] Phase: field extraction       started
2026-07-21 11:39:24,989 INFO dmef.pipeline [Page 86/237] Phase: field extraction       done in 0.00s
INFO:     127.0.0.1:51812 - "GET /health HTTP/1.1" 200 OK
2026-07-21 11:39:28,225 INFO dmef.pipeline [Page 86/237] Total page time: 3.28s
2026-07-21 11:39:28,233 INFO dmef.pipeline [Page 87/237] Phase: page load              started
2026-07-21 11:39:28,235 INFO dmef.pipeline [Page 87/237] Phase: page load              done in 0.00s
2026-07-21 11:39:28,235 INFO dmef.pipeline [Page 87/237] Phase: content triage         started
2026-07-21 11:39:28,242 INFO dmef.pipeline [Page 87/237] Phase: content triage         done in 0.00s
2026-07-21 11:39:28,246 INFO dmef.pipeline [Page 87/237] Phase: classification         started
2026-07-21 11:39:30,400 INFO dmef.pipeline [Page 87/237] Phase: classification         done in 2.15s
2026-07-21 11:39:30,404 INFO dmef.pipeline [Page 87/237] Phase: field extraction       started
2026-07-21 11:39:30,406 INFO dmef.pipeline [Page 87/237] Phase: field extraction       done in 0.00s
2026-07-21 11:39:33,692 INFO dmef.pipeline [Page 87/237] Total page time: 5.46s
2026-07-21 11:39:33,702 INFO dmef.pipeline [Page 88/237] Phase: page load              started
2026-07-21 11:39:33,702 INFO dmef.pipeline [Page 88/237] Phase: page load              done in 0.00s
2026-07-21 11:39:33,702 INFO dmef.pipeline [Page 88/237] Phase: content triage         started
2026-07-21 11:39:33,702 INFO dmef.pipeline [Page 88/237] Phase: content triage         done in 0.00s
2026-07-21 11:39:33,702 INFO dmef.pipeline [Page 88/237] Phase: classification         started
2026-07-21 11:39:33,739 INFO dmef.pipeline [Page 88/237] Phase: classification         done in 0.03s
2026-07-21 11:39:33,740 INFO dmef.pipeline [Page 88/237] Phase: field extraction       started
INFO:     127.0.0.1:60238 - "GET /health HTTP/1.1" 200 OK
INFO:     127.0.0.1:64975 - "GET /upload/56/progress HTTP/1.1" 200 OK
2026-07-21 11:39:37,895 INFO dmef.pipeline [Page 88/237] Phase: field extraction       done in 4.15s
2026-07-21 11:39:40,896 INFO dmef.pipeline [Page 88/237] Total page time: 7.20s
2026-07-21 11:39:40,905 INFO dmef.pipeline [Page 89/237] Phase: page load              started
2026-07-21 11:39:40,905 INFO dmef.pipeline [Page 89/237] Phase: page load              done in 0.00s
2026-07-21 11:39:40,905 INFO dmef.pipeline [Page 89/237] Phase: content triage         started
2026-07-21 11:39:40,905 INFO dmef.pipeline [Page 89/237] Phase: content triage         done in 0.00s
2026-07-21 11:39:40,910 INFO dmef.pipeline [Page 89/237] Phase: classification         started
2026-07-21 11:39:40,938 INFO dmef.pipeline [Page 89/237] Phase: classification         done in 0.03s
2026-07-21 11:39:40,938 INFO dmef.pipeline [Page 89/237] Phase: field extraction       started
2026-07-21 11:39:40,938 INFO dmef.pipeline [Page 89/237] Phase: field extraction       done in 0.00s
2026-07-21 11:39:43,893 INFO dmef.pipeline [Page 89/237] Total page time: 2.99s
2026-07-21 11:39:43,901 INFO dmef.pipeline [Page 90/237] Phase: page load              started
2026-07-21 11:39:43,901 INFO dmef.pipeline [Page 90/237] Phase: page load              done in 0.00s
2026-07-21 11:39:43,901 INFO dmef.pipeline [Page 90/237] Phase: content triage         started
2026-07-21 11:39:43,901 INFO dmef.pipeline [Page 90/237] Phase: content triage         done in 0.00s
2026-07-21 11:39:43,904 INFO dmef.pipeline [Page 90/237] Phase: classification         started
2026-07-21 11:39:46,344 INFO dmef.pipeline [Page 90/237] Phase: classification         done in 2.44s
2026-07-21 11:39:46,348 INFO dmef.pipeline [Page 90/237] Phase: field extraction       started
2026-07-21 11:39:46,348 INFO dmef.pipeline [Page 90/237] Phase: field extraction       done in 0.00s
2026-07-21 11:39:48,927 INFO dmef.pipeline [Page 90/237] Total page time: 5.03s
2026-07-21 11:39:48,936 INFO dmef.pipeline [Page 91/237] Phase: page load              started
2026-07-21 11:39:48,936 INFO dmef.pipeline [Page 91/237] Phase: page load              done in 0.00s
2026-07-21 11:39:48,936 INFO dmef.pipeline [Page 91/237] Phase: content triage         started
2026-07-21 11:39:48,936 INFO dmef.pipeline [Page 91/237] Phase: content triage         done in 0.00s
2026-07-21 11:39:48,936 INFO dmef.pipeline [Page 91/237] Phase: classification         started
2026-07-21 11:39:51,764 INFO dmef.pipeline [Page 91/237] Phase: classification         done in 2.82s
2026-07-21 11:39:51,768 INFO dmef.pipeline [Page 91/237] Phase: field extraction       started
2026-07-21 11:39:51,769 INFO dmef.pipeline [Page 91/237] Phase: field extraction       done in 0.00s
2026-07-21 11:39:53,638 INFO dmef.pipeline [Page 91/237] Total page time: 4.70s
2026-07-21 11:39:53,651 INFO dmef.pipeline [Page 92/237] Phase: page load              started
2026-07-21 11:39:53,652 INFO dmef.pipeline [Page 92/237] Phase: page load              done in 0.00s
2026-07-21 11:39:53,652 INFO dmef.pipeline [Page 92/237] Phase: content triage         started
2026-07-21 11:39:53,653 INFO dmef.pipeline [Page 92/237] Phase: content triage         done in 0.00s
2026-07-21 11:39:53,656 INFO dmef.pipeline [Page 92/237] Phase: classification         started
2026-07-21 11:39:56,509 INFO dmef.pipeline [Page 92/237] Phase: classification         done in 2.85s
2026-07-21 11:39:56,512 INFO dmef.pipeline [Page 92/237] Phase: field extraction       started
2026-07-21 11:39:56,513 INFO dmef.pipeline [Page 92/237] Phase: field extraction       done in 0.00s
2026-07-21 11:39:59,633 INFO dmef.pipeline [Page 92/237] Total page time: 5.99s
2026-07-21 11:39:59,643 INFO dmef.pipeline [Page 93/237] Phase: page load              started
2026-07-21 11:39:59,644 INFO dmef.pipeline [Page 93/237] Phase: page load              done in 0.00s
2026-07-21 11:39:59,645 INFO dmef.pipeline [Page 93/237] Phase: content triage         started
2026-07-21 11:39:59,645 INFO dmef.pipeline [Page 93/237] Phase: content triage         done in 0.00s
2026-07-21 11:39:59,649 INFO dmef.pipeline [Page 93/237] Phase: classification         started
2026-07-21 11:40:01,634 INFO dmef.pipeline [Page 93/237] Phase: classification         done in 1.98s
2026-07-21 11:40:01,641 INFO dmef.pipeline [Page 93/237] Phase: field extraction       started
2026-07-21 11:40:01,642 INFO dmef.pipeline [Page 93/237] Phase: field extraction       done in 0.00s
2026-07-21 11:40:04,343 INFO dmef.pipeline [Page 93/237] Total page time: 4.70s
2026-07-21 11:40:04,352 INFO dmef.pipeline [Page 94/237] Phase: page load              started
2026-07-21 11:40:04,352 INFO dmef.pipeline [Page 94/237] Phase: page load              done in 0.00s
2026-07-21 11:40:04,352 INFO dmef.pipeline [Page 94/237] Phase: content triage         started
2026-07-21 11:40:04,352 INFO dmef.pipeline [Page 94/237] Phase: content triage         done in 0.00s
2026-07-21 11:40:04,352 INFO dmef.pipeline [Page 94/237] Phase: classification         started
2026-07-21 11:40:07,167 INFO dmef.pipeline [Page 94/237] Phase: classification         done in 2.81s
2026-07-21 11:40:07,171 INFO dmef.pipeline [Page 94/237] Phase: field extraction       started
2026-07-21 11:40:07,172 INFO dmef.pipeline [Page 94/237] Phase: field extraction       done in 0.00s
2026-07-21 11:40:09,906 INFO dmef.pipeline [Page 94/237] Total page time: 5.55s
2026-07-21 11:40:09,916 INFO dmef.pipeline [Page 95/237] Phase: page load              started
2026-07-21 11:40:09,916 INFO dmef.pipeline [Page 95/237] Phase: page load              done in 0.00s
2026-07-21 11:40:09,916 INFO dmef.pipeline [Page 95/237] Phase: content triage         started
2026-07-21 11:40:09,916 INFO dmef.pipeline [Page 95/237] Phase: content triage         done in 0.00s
2026-07-21 11:40:09,920 INFO dmef.pipeline [Page 95/237] Phase: classification         started
2026-07-21 11:40:12,143 INFO dmef.pipeline [Page 95/237] Phase: classification         done in 2.22s
2026-07-21 11:40:12,146 INFO dmef.pipeline [Page 95/237] Phase: field extraction       started
2026-07-21 11:40:12,147 INFO dmef.pipeline [Page 95/237] Phase: field extraction       done in 0.00s
2026-07-21 11:40:14,795 INFO dmef.pipeline [Page 95/237] Total page time: 4.88s
2026-07-21 11:40:14,805 INFO dmef.pipeline [Page 96/237] Phase: page load              started
2026-07-21 11:40:14,807 INFO dmef.pipeline [Page 96/237] Phase: page load              done in 0.00s
2026-07-21 11:40:14,807 INFO dmef.pipeline [Page 96/237] Phase: content triage         started
2026-07-21 11:40:14,807 INFO dmef.pipeline [Page 96/237] Phase: content triage         done in 0.00s
2026-07-21 11:40:14,811 INFO dmef.pipeline [Page 96/237] Phase: classification         started
2026-07-21 11:40:17,252 INFO dmef.pipeline [Page 96/237] Phase: classification         done in 2.44s
2026-07-21 11:40:17,256 INFO dmef.pipeline [Page 96/237] Phase: field extraction       started
2026-07-21 11:40:17,256 INFO dmef.pipeline [Page 96/237] Phase: field extraction       done in 0.00s
2026-07-21 11:40:20,018 INFO dmef.pipeline [Page 96/237] Total page time: 5.22s
2026-07-21 11:40:20,027 INFO dmef.pipeline [Page 97/237] Phase: page load              started
2026-07-21 11:40:20,027 INFO dmef.pipeline [Page 97/237] Phase: page load              done in 0.00s
2026-07-21 11:40:20,027 INFO dmef.pipeline [Page 97/237] Phase: content triage         started
2026-07-21 11:40:20,030 INFO dmef.pipeline [Page 97/237] Phase: content triage         done in 0.00s
2026-07-21 11:40:20,032 INFO dmef.pipeline [Page 97/237] Phase: classification         started
2026-07-21 11:40:22,552 INFO dmef.pipeline [Page 97/237] Phase: classification         done in 2.52s
2026-07-21 11:40:22,561 INFO dmef.pipeline [Page 97/237] Phase: field extraction       started
2026-07-21 11:40:22,563 INFO dmef.pipeline [Page 97/237] Phase: field extraction       done in 0.00s
2026-07-21 11:40:24,950 INFO dmef.pipeline [Page 97/237] Total page time: 4.92s
2026-07-21 11:40:24,971 INFO dmef.pipeline [Page 98/237] Phase: page load              started
2026-07-21 11:40:24,971 INFO dmef.pipeline [Page 98/237] Phase: page load              done in 0.00s
2026-07-21 11:40:24,971 INFO dmef.pipeline [Page 98/237] Phase: content triage         started
2026-07-21 11:40:24,973 INFO dmef.pipeline [Page 98/237] Phase: content triage         done in 0.00s
2026-07-21 11:40:24,976 INFO dmef.pipeline [Page 98/237] Phase: classification         started
2026-07-21 11:40:25,006 INFO dmef.pipeline [Page 98/237] Phase: classification         done in 0.03s
2026-07-21 11:40:25,009 INFO dmef.pipeline [Page 98/237] Phase: field extraction       started
2026-07-21 11:40:25,009 INFO dmef.pipeline [Page 98/237] Phase: field extraction       done in 0.00s
2026-07-21 11:40:27,268 INFO dmef.pipeline [Page 98/237] Total page time: 2.30s
2026-07-21 11:40:27,284 INFO dmef.pipeline [Page 99/237] Phase: page load              started
2026-07-21 11:40:27,284 INFO dmef.pipeline [Page 99/237] Phase: page load              done in 0.00s
2026-07-21 11:40:27,287 INFO dmef.pipeline [Page 99/237] Phase: content triage         started
2026-07-21 11:40:27,287 INFO dmef.pipeline [Page 99/237] Phase: content triage         done in 0.00s
2026-07-21 11:40:27,287 INFO dmef.pipeline [Page 99/237] Phase: classification         started
2026-07-21 11:40:27,326 INFO dmef.pipeline [Page 99/237] Phase: classification         done in 0.03s
2026-07-21 11:40:27,326 INFO dmef.pipeline [Page 99/237] Phase: field extraction       started
2026-07-21 11:40:27,326 INFO dmef.pipeline [Page 99/237] Phase: field extraction       done in 0.00s
2026-07-21 11:40:29,885 INFO dmef.pipeline [Page 99/237] Total page time: 2.60s
2026-07-21 11:40:29,893 INFO dmef.pipeline [Page 100/237] Phase: page load              started
2026-07-21 11:40:29,893 INFO dmef.pipeline [Page 100/237] Phase: page load              done in 0.00s
2026-07-21 11:40:29,893 INFO dmef.pipeline [Page 100/237] Phase: content triage         started
2026-07-21 11:40:29,893 INFO dmef.pipeline [Page 100/237] Phase: content triage         done in 0.00s
2026-07-21 11:40:29,893 INFO dmef.pipeline [Page 100/237] Phase: classification         started
2026-07-21 11:40:32,490 INFO dmef.pipeline [Page 100/237] Phase: classification         done in 2.59s
2026-07-21 11:40:32,492 INFO dmef.pipeline [Page 100/237] Phase: field extraction       started
2026-07-21 11:40:32,494 INFO dmef.pipeline [Page 100/237] Phase: field extraction       done in 0.00s
2026-07-21 11:40:35,395 INFO dmef.pipeline [Page 100/237] Total page time: 5.50s
2026-07-21 11:40:35,404 INFO dmef.pipeline [Page 101/237] Phase: page load              started
2026-07-21 11:40:35,405 INFO dmef.pipeline [Page 101/237] Phase: page load              done in 0.00s
2026-07-21 11:40:35,405 INFO dmef.pipeline [Page 101/237] Phase: content triage         started
2026-07-21 11:40:35,406 INFO dmef.pipeline [Page 101/237] Phase: content triage         done in 0.00s
2026-07-21 11:40:35,407 INFO dmef.pipeline [Page 101/237] Phase: classification         started
2026-07-21 11:40:35,441 INFO dmef.pipeline [Page 101/237] Phase: classification         done in 0.04s
2026-07-21 11:40:35,449 INFO dmef.pipeline [Page 101/237] Phase: field extraction       started
2026-07-21 11:40:35,451 INFO dmef.pipeline [Page 101/237] Phase: field extraction       done in 0.00s
2026-07-21 11:40:38,428 INFO dmef.pipeline [Page 101/237] Total page time: 3.03s
2026-07-21 11:40:38,440 INFO dmef.pipeline [Page 102/237] Phase: page load              started
2026-07-21 11:40:38,440 INFO dmef.pipeline [Page 102/237] Phase: page load              done in 0.00s
2026-07-21 11:40:38,440 INFO dmef.pipeline [Page 102/237] Phase: content triage         started
2026-07-21 11:40:38,442 INFO dmef.pipeline [Page 102/237] Phase: content triage         done in 0.00s
2026-07-21 11:40:38,443 INFO dmef.pipeline [Page 102/237] Phase: classification         started
2026-07-21 11:40:38,482 INFO dmef.pipeline [Page 102/237] Phase: classification         done in 0.04s
2026-07-21 11:40:38,482 INFO dmef.pipeline [Page 102/237] Phase: field extraction       started
2026-07-21 11:40:38,482 INFO dmef.pipeline [Page 102/237] Phase: field extraction       done in 0.00s
2026-07-21 11:40:41,444 INFO dmef.pipeline [Page 102/237] Total page time: 3.01s
2026-07-21 11:40:41,460 INFO dmef.pipeline [Page 103/237] Phase: page load              started
2026-07-21 11:40:41,460 INFO dmef.pipeline [Page 103/237] Phase: page load              done in 0.00s
2026-07-21 11:40:41,460 INFO dmef.pipeline [Page 103/237] Phase: content triage         started
2026-07-21 11:40:41,460 INFO dmef.pipeline [Page 103/237] Phase: content triage         done in 0.00s
2026-07-21 11:40:41,468 INFO dmef.pipeline [Page 103/237] Phase: classification         started
2026-07-21 11:40:43,764 INFO dmef.pipeline [Page 103/237] Phase: classification         done in 2.29s
2026-07-21 11:40:43,770 INFO dmef.pipeline [Page 103/237] Phase: field extraction       started
2026-07-21 11:40:43,771 INFO dmef.pipeline [Page 103/237] Phase: field extraction       done in 0.00s
2026-07-21 11:40:46,983 INFO dmef.pipeline [Page 103/237] Total page time: 5.52s
2026-07-21 11:40:46,995 INFO dmef.pipeline [Page 104/237] Phase: page load              started
2026-07-21 11:40:46,997 INFO dmef.pipeline [Page 104/237] Phase: page load              done in 0.00s
2026-07-21 11:40:46,997 INFO dmef.pipeline [Page 104/237] Phase: content triage         started
2026-07-21 11:40:46,997 INFO dmef.pipeline [Page 104/237] Phase: content triage         done in 0.00s
2026-07-21 11:40:47,001 INFO dmef.pipeline [Page 104/237] Phase: classification         started
INFO:     127.0.0.1:54992 - "GET /health HTTP/1.1" 200 OK
INFO:     127.0.0.1:61701 - "GET /upload/56/progress HTTP/1.1" 200 OK
2026-07-21 11:40:49,689 INFO dmef.pipeline [Page 104/237] Phase: classification         done in 2.69s
2026-07-21 11:40:49,693 INFO dmef.pipeline [Page 104/237] Phase: field extraction       started
2026-07-21 11:40:49,693 INFO dmef.pipeline [Page 104/237] Phase: field extraction       done in 0.00s
2026-07-21 11:40:52,659 INFO dmef.pipeline [Page 104/237] Total page time: 5.67s
2026-07-21 11:40:52,683 INFO dmef.pipeline [Page 105/237] Phase: page load              started
2026-07-21 11:40:52,683 INFO dmef.pipeline [Page 105/237] Phase: page load              done in 0.00s
2026-07-21 11:40:52,683 INFO dmef.pipeline [Page 105/237] Phase: content triage         started
2026-07-21 11:40:52,683 INFO dmef.pipeline [Page 105/237] Phase: content triage         done in 0.00s
2026-07-21 11:40:52,686 INFO dmef.pipeline [Page 105/237] Phase: classification         started
2026-07-21 11:40:55,130 INFO dmef.pipeline [Page 105/237] Phase: classification         done in 2.44s
2026-07-21 11:40:55,147 INFO dmef.pipeline [Page 105/237] Phase: field extraction       started
2026-07-21 11:40:55,147 INFO dmef.pipeline [Page 105/237] Phase: field extraction       done in 0.00s
2026-07-21 11:40:58,343 INFO dmef.pipeline [Page 105/237] Total page time: 5.66s
2026-07-21 11:40:58,358 INFO dmef.pipeline [Page 106/237] Phase: page load              started
2026-07-21 11:40:58,358 INFO dmef.pipeline [Page 106/237] Phase: page load              done in 0.00s
2026-07-21 11:40:58,358 INFO dmef.pipeline [Page 106/237] Phase: content triage         started
2026-07-21 11:40:58,358 INFO dmef.pipeline [Page 106/237] Phase: content triage         done in 0.00s
2026-07-21 11:40:58,368 INFO dmef.pipeline [Page 106/237] Phase: classification         started
2026-07-21 11:41:00,824 INFO dmef.pipeline [Page 106/237] Phase: classification         done in 2.45s
2026-07-21 11:41:00,827 INFO dmef.pipeline [Page 106/237] Phase: field extraction       started
2026-07-21 11:41:00,828 INFO dmef.pipeline [Page 106/237] Phase: field extraction       done in 0.00s
2026-07-21 11:41:03,420 INFO dmef.pipeline [Page 106/237] Total page time: 5.06s
2026-07-21 11:41:03,444 INFO dmef.pipeline [Page 107/237] Phase: page load              started
2026-07-21 11:41:03,444 INFO dmef.pipeline [Page 107/237] Phase: page load              done in 0.00s
2026-07-21 11:41:03,444 INFO dmef.pipeline [Page 107/237] Phase: content triage         started
2026-07-21 11:41:03,444 INFO dmef.pipeline [Page 107/237] Phase: content triage         done in 0.00s
2026-07-21 11:41:03,448 INFO dmef.pipeline [Page 107/237] Phase: classification         started
2026-07-21 11:41:03,480 INFO dmef.pipeline [Page 107/237] Phase: classification         done in 0.03s
2026-07-21 11:41:03,486 INFO dmef.pipeline [Page 107/237] Phase: field extraction       started
2026-07-21 11:41:03,486 INFO dmef.pipeline [Page 107/237] Phase: field extraction       done in 0.00s
2026-07-21 11:41:06,358 INFO dmef.pipeline [Page 107/237] Total page time: 2.92s
2026-07-21 11:41:06,376 INFO dmef.pipeline [Page 108/237] Phase: page load              started
2026-07-21 11:41:06,376 INFO dmef.pipeline [Page 108/237] Phase: page load              done in 0.00s
2026-07-21 11:41:06,376 INFO dmef.pipeline [Page 108/237] Phase: content triage         started
2026-07-21 11:41:06,376 INFO dmef.pipeline [Page 108/237] Phase: content triage         done in 0.00s
2026-07-21 11:41:06,384 INFO dmef.pipeline [Page 108/237] Phase: classification         started
2026-07-21 11:41:06,415 INFO dmef.pipeline [Page 108/237] Phase: classification         done in 0.03s
2026-07-21 11:41:06,415 INFO dmef.pipeline [Page 108/237] Phase: field extraction       started
2026-07-21 11:41:06,415 INFO dmef.pipeline [Page 108/237] Phase: field extraction       done in 0.00s
2026-07-21 11:41:08,767 INFO dmef.pipeline [Page 108/237] Total page time: 2.39s
2026-07-21 11:41:08,777 INFO dmef.pipeline [Page 109/237] Phase: page load              started
2026-07-21 11:41:08,777 INFO dmef.pipeline [Page 109/237] Phase: page load              done in 0.00s
2026-07-21 11:41:08,777 INFO dmef.pipeline [Page 109/237] Phase: content triage         started
2026-07-21 11:41:08,777 INFO dmef.pipeline [Page 109/237] Phase: content triage         done in 0.00s
2026-07-21 11:41:08,782 INFO dmef.pipeline [Page 109/237] Phase: classification         started
2026-07-21 11:41:08,813 INFO dmef.pipeline [Page 109/237] Phase: classification         done in 0.03s
2026-07-21 11:41:08,819 INFO dmef.pipeline [Page 109/237] Phase: field extraction       started
2026-07-21 11:41:08,819 INFO dmef.pipeline [Page 109/237] Phase: field extraction       done in 0.00s
2026-07-21 11:41:11,689 INFO dmef.pipeline [Page 109/237] Total page time: 2.92s
2026-07-21 11:41:11,705 INFO dmef.pipeline [Page 110/237] Phase: page load              started
2026-07-21 11:41:11,705 INFO dmef.pipeline [Page 110/237] Phase: page load              done in 0.00s
2026-07-21 11:41:11,710 INFO dmef.pipeline [Page 110/237] Phase: content triage         started
2026-07-21 11:41:11,711 INFO dmef.pipeline [Page 110/237] Phase: content triage         done in 0.00s
2026-07-21 11:41:11,711 INFO dmef.pipeline [Page 110/237] Phase: classification         started
2026-07-21 11:41:11,741 INFO dmef.pipeline [Page 110/237] Phase: classification         done in 0.03s
2026-07-21 11:41:11,751 INFO dmef.pipeline [Page 110/237] Phase: field extraction       started
2026-07-21 11:41:11,751 INFO dmef.pipeline [Page 110/237] Phase: field extraction       done in 0.00s
2026-07-21 11:41:14,117 INFO dmef.pipeline [Page 110/237] Total page time: 2.41s
2026-07-21 11:41:14,127 INFO dmef.pipeline [Page 111/237] Phase: page load              started
2026-07-21 11:41:14,127 INFO dmef.pipeline [Page 111/237] Phase: page load              done in 0.00s
2026-07-21 11:41:14,127 INFO dmef.pipeline [Page 111/237] Phase: content triage         started
2026-07-21 11:41:14,127 INFO dmef.pipeline [Page 111/237] Phase: content triage         done in 0.00s
2026-07-21 11:41:14,131 INFO dmef.pipeline [Page 111/237] Phase: classification         started
2026-07-21 11:41:14,169 INFO dmef.pipeline [Page 111/237] Phase: classification         done in 0.04s
2026-07-21 11:41:14,173 INFO dmef.pipeline [Page 111/237] Phase: field extraction       started
2026-07-21 11:41:14,174 INFO dmef.pipeline [Page 111/237] Phase: field extraction       done in 0.00s
2026-07-21 11:41:16,949 INFO dmef.pipeline [Page 111/237] Total page time: 2.83s
2026-07-21 11:41:16,961 INFO dmef.pipeline [Page 112/237] Phase: page load              started
2026-07-21 11:41:16,963 INFO dmef.pipeline [Page 112/237] Phase: page load              done in 0.00s
2026-07-21 11:41:16,963 INFO dmef.pipeline [Page 112/237] Phase: content triage         started
2026-07-21 11:41:16,963 INFO dmef.pipeline [Page 112/237] Phase: content triage         done in 0.00s
2026-07-21 11:41:16,967 INFO dmef.pipeline [Page 112/237] Phase: classification         started
2026-07-21 11:41:16,987 INFO dmef.pipeline [Page 112/237] Phase: classification         done in 0.02s
2026-07-21 11:41:16,993 INFO dmef.pipeline [Page 112/237] Phase: field extraction       started
2026-07-21 11:41:16,995 INFO dmef.pipeline [Page 112/237] Phase: field extraction       done in 0.00s
2026-07-21 11:41:19,473 INFO dmef.pipeline [Page 112/237] Total page time: 2.51s
2026-07-21 11:41:19,489 INFO dmef.pipeline [Page 113/237] Phase: page load              started
2026-07-21 11:41:19,489 INFO dmef.pipeline [Page 113/237] Phase: page load              done in 0.00s
2026-07-21 11:41:19,489 INFO dmef.pipeline [Page 113/237] Phase: content triage         started
2026-07-21 11:41:19,489 INFO dmef.pipeline [Page 113/237] Phase: content triage         done in 0.00s
2026-07-21 11:41:19,489 INFO dmef.pipeline [Page 113/237] Phase: classification         started
2026-07-21 11:41:19,507 INFO dmef.pipeline [Page 113/237] Phase: classification         done in 0.01s
2026-07-21 11:41:19,509 INFO dmef.pipeline [Page 113/237] Phase: field extraction       started
2026-07-21 11:41:19,509 INFO dmef.pipeline [Page 113/237] Phase: field extraction       done in 0.00s
2026-07-21 11:41:21,594 INFO dmef.pipeline [Page 113/237] Total page time: 2.11s
2026-07-21 11:41:21,603 INFO dmef.pipeline [Page 114/237] Phase: page load              started
2026-07-21 11:41:21,603 INFO dmef.pipeline [Page 114/237] Phase: page load              done in 0.00s
2026-07-21 11:41:21,604 INFO dmef.pipeline [Page 114/237] Phase: content triage         started
2026-07-21 11:41:21,604 INFO dmef.pipeline [Page 114/237] Phase: content triage         done in 0.00s
2026-07-21 11:41:21,606 INFO dmef.pipeline [Page 114/237] Phase: classification         started
2026-07-21 11:41:23,578 INFO dmef.pipeline [Page 114/237] Phase: classification         done in 1.97s
2026-07-21 11:41:23,591 INFO dmef.pipeline [Page 114/237] Phase: field extraction       started
2026-07-21 11:41:23,591 INFO dmef.pipeline [Page 114/237] Phase: field extraction       done in 0.00s
2026-07-21 11:41:25,551 INFO dmef.pipeline [Page 114/237] Total page time: 3.95s
2026-07-21 11:41:25,560 INFO dmef.pipeline [Page 115/237] Phase: page load              started
2026-07-21 11:41:25,560 INFO dmef.pipeline [Page 115/237] Phase: page load              done in 0.00s
2026-07-21 11:41:25,560 INFO dmef.pipeline [Page 115/237] Phase: content triage         started
2026-07-21 11:41:25,560 INFO dmef.pipeline [Page 115/237] Phase: content triage         done in 0.00s
2026-07-21 11:41:25,560 INFO dmef.pipeline [Page 115/237] Phase: classification         started
2026-07-21 11:41:26,849 INFO dmef.pipeline [Page 115/237] Phase: classification         done in 1.28s
2026-07-21 11:41:26,865 INFO dmef.pipeline [Page 115/237] Phase: field extraction       started
2026-07-21 11:41:26,865 INFO dmef.pipeline [Page 115/237] Phase: field extraction       done in 0.00s
2026-07-21 11:41:28,549 INFO dmef.pipeline [Page 115/237] Total page time: 2.99s
2026-07-21 11:41:28,567 INFO dmef.pipeline [Page 116/237] Phase: page load              started
2026-07-21 11:41:28,567 INFO dmef.pipeline [Page 116/237] Phase: page load              done in 0.00s
2026-07-21 11:41:28,567 INFO dmef.pipeline [Page 116/237] Phase: OCR (PaddleOCR)        started
2026-07-21 11:41:35,304 INFO dmef.pipeline [Page 116/237] Phase: OCR (PaddleOCR)        done in 6.74s
2026-07-21 11:41:35,311 INFO dmef.pipeline [Page 116/237] Phase: content triage         started
2026-07-21 11:41:35,311 INFO dmef.pipeline [Page 116/237] Phase: content triage         done in 0.00s
2026-07-21 11:41:35,314 INFO dmef.pipeline [Page 116/237] Total page time: 6.75s
2026-07-21 11:41:35,321 INFO dmef.pipeline [Page 117/237] Phase: page load              started
2026-07-21 11:41:35,321 INFO dmef.pipeline [Page 117/237] Phase: page load              done in 0.00s
2026-07-21 11:41:35,323 INFO dmef.pipeline [Page 117/237] Phase: content triage         started
2026-07-21 11:41:35,323 INFO dmef.pipeline [Page 117/237] Phase: content triage         done in 0.00s
2026-07-21 11:41:35,325 INFO dmef.pipeline [Page 117/237] Phase: classification         started
2026-07-21 11:41:35,338 INFO dmef.pipeline [Page 117/237] Phase: classification         done in 0.01s
2026-07-21 11:41:35,340 INFO dmef.pipeline [Page 117/237] Phase: field extraction       started
2026-07-21 11:41:35,340 INFO dmef.pipeline [Page 117/237] Phase: field extraction       done in 0.00s
2026-07-21 11:41:37,888 INFO dmef.pipeline [Page 117/237] Total page time: 2.57s
2026-07-21 11:41:37,899 INFO dmef.pipeline [Page 118/237] Phase: page load              started
2026-07-21 11:41:37,899 INFO dmef.pipeline [Page 118/237] Phase: page load              done in 0.00s
2026-07-21 11:41:37,899 INFO dmef.pipeline [Page 118/237] Phase: content triage         started
2026-07-21 11:41:37,899 INFO dmef.pipeline [Page 118/237] Phase: content triage         done in 0.00s
2026-07-21 11:41:37,904 INFO dmef.pipeline [Page 118/237] Phase: classification         started
2026-07-21 11:41:40,011 INFO dmef.pipeline [Page 118/237] Phase: classification         done in 2.11s
2026-07-21 11:41:40,015 INFO dmef.pipeline [Page 118/237] Phase: field extraction       started
2026-07-21 11:41:40,015 INFO dmef.pipeline [Page 118/237] Phase: field extraction       done in 0.00s
2026-07-21 11:41:42,191 INFO dmef.pipeline [Page 118/237] Total page time: 4.29s
2026-07-21 11:41:42,212 INFO dmef.pipeline [Page 119/237] Phase: page load              started
2026-07-21 11:41:42,212 INFO dmef.pipeline [Page 119/237] Phase: page load              done in 0.00s
2026-07-21 11:41:42,212 INFO dmef.pipeline [Page 119/237] Phase: content triage         started
2026-07-21 11:41:42,212 INFO dmef.pipeline [Page 119/237] Phase: content triage         done in 0.00s
2026-07-21 11:41:42,218 INFO dmef.pipeline [Page 119/237] Phase: classification         started
2026-07-21 11:41:43,788 INFO dmef.pipeline [Page 119/237] Phase: classification         done in 1.57s
2026-07-21 11:41:43,806 INFO dmef.pipeline [Page 119/237] Phase: field extraction       started
2026-07-21 11:41:43,806 INFO dmef.pipeline [Page 119/237] Phase: field extraction       done in 0.00s
2026-07-21 11:41:45,352 INFO dmef.pipeline [Page 119/237] Total page time: 3.14s
2026-07-21 11:41:45,371 INFO dmef.pipeline [Page 120/237] Phase: page load              started
2026-07-21 11:41:45,371 INFO dmef.pipeline [Page 120/237] Phase: page load              done in 0.00s
2026-07-21 11:41:45,371 INFO dmef.pipeline [Page 120/237] Phase: content triage         started
2026-07-21 11:41:45,371 INFO dmef.pipeline [Page 120/237] Phase: content triage         done in 0.00s
2026-07-21 11:41:45,376 INFO dmef.pipeline [Page 120/237] Phase: classification         started
2026-07-21 11:41:45,407 INFO dmef.pipeline [Page 120/237] Phase: classification         done in 0.03s
2026-07-21 11:41:45,407 INFO dmef.pipeline [Page 120/237] Phase: field extraction       started
2026-07-21 11:41:45,407 INFO dmef.pipeline [Page 120/237] Phase: field extraction       done in 0.00s
2026-07-21 11:41:49,513 INFO dmef.pipeline [Page 120/237] Total page time: 4.14s
2026-07-21 11:41:49,534 INFO dmef.pipeline [Page 121/237] Phase: page load              started
2026-07-21 11:41:49,534 INFO dmef.pipeline [Page 121/237] Phase: page load              done in 0.00s
2026-07-21 11:41:49,534 INFO dmef.pipeline [Page 121/237] Phase: content triage         started
2026-07-21 11:41:49,534 INFO dmef.pipeline [Page 121/237] Phase: content triage         done in 0.00s
2026-07-21 11:41:49,534 INFO dmef.pipeline [Page 121/237] Phase: classification         started
2026-07-21 11:41:52,431 INFO dmef.pipeline [Page 121/237] Phase: classification         done in 2.89s
2026-07-21 11:41:52,441 INFO dmef.pipeline [Page 121/237] Phase: field extraction       started
2026-07-21 11:41:52,443 INFO dmef.pipeline [Page 121/237] Phase: field extraction       done in 0.00s
2026-07-21 11:41:55,702 INFO dmef.pipeline [Page 121/237] Total page time: 6.17s
2026-07-21 11:41:55,713 INFO dmef.pipeline [Page 122/237] Phase: page load              started
2026-07-21 11:41:55,716 INFO dmef.pipeline [Page 122/237] Phase: page load              done in 0.00s
2026-07-21 11:41:55,716 INFO dmef.pipeline [Page 122/237] Phase: content triage         started
2026-07-21 11:41:55,716 INFO dmef.pipeline [Page 122/237] Phase: content triage         done in 0.00s
2026-07-21 11:41:55,720 INFO dmef.pipeline [Page 122/237] Phase: classification         started
2026-07-21 11:41:58,714 INFO dmef.pipeline [Page 122/237] Phase: classification         done in 2.99s
2026-07-21 11:41:58,718 INFO dmef.pipeline [Page 122/237] Phase: field extraction       started
2026-07-21 11:42:01,784 INFO dmef.pipeline [Page 122/237] Phase: field extraction       done in 3.07s
2026-07-21 11:42:06,577 INFO dmef.pipeline [Page 122/237] Total page time: 10.87s
2026-07-21 11:42:06,589 INFO dmef.pipeline [Page 123/237] Phase: page load              started
2026-07-21 11:42:06,589 INFO dmef.pipeline [Page 123/237] Phase: page load              done in 0.00s
2026-07-21 11:42:06,589 INFO dmef.pipeline [Page 123/237] Phase: content triage         started
2026-07-21 11:42:06,591 INFO dmef.pipeline [Page 123/237] Phase: content triage         done in 0.00s
2026-07-21 11:42:06,593 INFO dmef.pipeline [Page 123/237] Phase: classification         started
INFO:     127.0.0.1:62660 - "GET /health HTTP/1.1" 200 OK
INFO:     127.0.0.1:59859 - "GET /upload/56/progress HTTP/1.1" 200 OK
INFO:     127.0.0.1:59859 - "GET /upload/56/progress HTTP/1.1" 200 OK
2026-07-21 11:42:10,590 INFO dmef.pipeline [Page 123/237] Phase: classification         done in 4.00s
2026-07-21 11:42:10,593 INFO dmef.pipeline [Page 123/237] Phase: field extraction       started
2026-07-21 11:42:10,594 INFO dmef.pipeline [Page 123/237] Phase: field extraction       done in 0.00s
2026-07-21 11:42:13,820 INFO dmef.pipeline [Page 123/237] Total page time: 7.23s
2026-07-21 11:42:13,840 INFO dmef.pipeline [Page 124/237] Phase: page load              started
2026-07-21 11:42:13,840 INFO dmef.pipeline [Page 124/237] Phase: page load              done in 0.00s
2026-07-21 11:42:13,840 INFO dmef.pipeline [Page 124/237] Phase: content triage         started
2026-07-21 11:42:13,840 INFO dmef.pipeline [Page 124/237] Phase: content triage         done in 0.00s
2026-07-21 11:42:13,840 INFO dmef.pipeline [Page 124/237] Phase: classification         started
2026-07-21 11:42:17,368 INFO dmef.pipeline [Page 124/237] Phase: classification         done in 3.52s
2026-07-21 11:42:17,383 INFO dmef.pipeline [Page 124/237] Phase: field extraction       started
2026-07-21 11:42:17,384 INFO dmef.pipeline [Page 124/237] Phase: field extraction       done in 0.00s
2026-07-21 11:42:20,476 INFO dmef.pipeline [Page 124/237] Total page time: 6.64s
2026-07-21 11:42:20,492 INFO dmef.pipeline [Page 125/237] Phase: page load              started
2026-07-21 11:42:20,492 INFO dmef.pipeline [Page 125/237] Phase: page load              done in 0.00s
2026-07-21 11:42:20,492 INFO dmef.pipeline [Page 125/237] Phase: content triage         started
2026-07-21 11:42:20,492 INFO dmef.pipeline [Page 125/237] Phase: content triage         done in 0.00s
2026-07-21 11:42:20,498 INFO dmef.pipeline [Page 125/237] Phase: classification         started
2026-07-21 11:42:23,630 INFO dmef.pipeline [Page 125/237] Phase: classification         done in 3.13s
2026-07-21 11:42:23,637 INFO dmef.pipeline [Page 125/237] Phase: field extraction       started
2026-07-21 11:42:23,638 INFO dmef.pipeline [Page 125/237] Phase: field extraction       done in 0.00s
2026-07-21 11:42:26,704 INFO dmef.pipeline [Page 125/237] Total page time: 6.21s
2026-07-21 11:42:26,713 INFO dmef.pipeline [Page 126/237] Phase: page load              started
2026-07-21 11:42:26,715 INFO dmef.pipeline [Page 126/237] Phase: page load              done in 0.00s
2026-07-21 11:42:26,715 INFO dmef.pipeline [Page 126/237] Phase: content triage         started
2026-07-21 11:42:26,715 INFO dmef.pipeline [Page 126/237] Phase: content triage         done in 0.00s
2026-07-21 11:42:26,719 INFO dmef.pipeline [Page 126/237] Phase: classification         started
2026-07-21 11:42:29,519 INFO dmef.pipeline [Page 126/237] Phase: classification         done in 2.80s
2026-07-21 11:42:29,525 INFO dmef.pipeline [Page 126/237] Phase: field extraction       started
2026-07-21 11:42:29,526 INFO dmef.pipeline [Page 126/237] Phase: field extraction       done in 0.00s
2026-07-21 11:42:32,215 INFO dmef.pipeline [Page 126/237] Total page time: 5.50s
2026-07-21 11:42:32,224 INFO dmef.pipeline [Page 127/237] Phase: page load              started
2026-07-21 11:42:32,227 INFO dmef.pipeline [Page 127/237] Phase: page load              done in 0.00s
2026-07-21 11:42:32,227 INFO dmef.pipeline [Page 127/237] Phase: content triage         started
2026-07-21 11:42:32,227 INFO dmef.pipeline [Page 127/237] Phase: content triage         done in 0.00s
2026-07-21 11:42:32,229 INFO dmef.pipeline [Page 127/237] Phase: classification         started
2026-07-21 11:42:35,854 INFO dmef.pipeline [Page 127/237] Phase: classification         done in 3.62s
2026-07-21 11:42:35,859 INFO dmef.pipeline [Page 127/237] Phase: field extraction       started
2026-07-21 11:42:35,860 INFO dmef.pipeline [Page 127/237] Phase: field extraction       done in 0.00s
2026-07-21 11:42:39,525 INFO dmef.pipeline [Page 127/237] Total page time: 7.30s
2026-07-21 11:42:39,533 INFO dmef.pipeline [Page 128/237] Phase: page load              started
2026-07-21 11:42:39,533 INFO dmef.pipeline [Page 128/237] Phase: page load              done in 0.00s
2026-07-21 11:42:39,538 INFO dmef.pipeline [Page 128/237] Phase: content triage         started
2026-07-21 11:42:39,538 INFO dmef.pipeline [Page 128/237] Phase: content triage         done in 0.00s
2026-07-21 11:42:39,538 INFO dmef.pipeline [Page 128/237] Phase: classification         started
2026-07-21 11:42:43,263 INFO dmef.pipeline [Page 128/237] Phase: classification         done in 3.72s
2026-07-21 11:42:43,269 INFO dmef.pipeline [Page 128/237] Phase: field extraction       started
2026-07-21 11:42:43,270 INFO dmef.pipeline [Page 128/237] Phase: field extraction       done in 0.00s
2026-07-21 11:42:47,032 INFO dmef.pipeline [Page 128/237] Total page time: 7.50s
2026-07-21 11:42:47,042 INFO dmef.pipeline [Page 129/237] Phase: page load              started
2026-07-21 11:42:47,042 INFO dmef.pipeline [Page 129/237] Phase: page load              done in 0.00s
2026-07-21 11:42:47,042 INFO dmef.pipeline [Page 129/237] Phase: content triage         started
2026-07-21 11:42:47,044 INFO dmef.pipeline [Page 129/237] Phase: content triage         done in 0.00s
2026-07-21 11:42:47,046 INFO dmef.pipeline [Page 129/237] Phase: classification         started
2026-07-21 11:42:50,907 INFO dmef.pipeline [Page 129/237] Phase: classification         done in 3.86s
2026-07-21 11:42:50,913 INFO dmef.pipeline [Page 129/237] Phase: field extraction       started
2026-07-21 11:42:50,914 INFO dmef.pipeline [Page 129/237] Phase: field extraction       done in 0.00s
2026-07-21 11:42:54,916 INFO dmef.pipeline [Page 129/237] Total page time: 7.88s
2026-07-21 11:42:54,927 INFO dmef.pipeline [Page 130/237] Phase: page load              started
2026-07-21 11:42:54,927 INFO dmef.pipeline [Page 130/237] Phase: page load              done in 0.00s
2026-07-21 11:42:54,927 INFO dmef.pipeline [Page 130/237] Phase: content triage         started
2026-07-21 11:42:54,927 INFO dmef.pipeline [Page 130/237] Phase: content triage         done in 0.00s
2026-07-21 11:42:54,933 INFO dmef.pipeline [Page 130/237] Phase: classification         started
2026-07-21 11:42:58,677 INFO dmef.pipeline [Page 130/237] Phase: classification         done in 3.74s
2026-07-21 11:42:58,683 INFO dmef.pipeline [Page 130/237] Phase: field extraction       started
2026-07-21 11:42:58,684 INFO dmef.pipeline [Page 130/237] Phase: field extraction       done in 0.00s
2026-07-21 11:43:02,053 INFO dmef.pipeline [Page 130/237] Total page time: 7.13s
2026-07-21 11:43:02,063 INFO dmef.pipeline [Page 131/237] Phase: page load              started
2026-07-21 11:43:02,063 INFO dmef.pipeline [Page 131/237] Phase: page load              done in 0.00s
2026-07-21 11:43:02,065 INFO dmef.pipeline [Page 131/237] Phase: content triage         started
2026-07-21 11:43:02,065 INFO dmef.pipeline [Page 131/237] Phase: content triage         done in 0.00s
2026-07-21 11:43:02,069 INFO dmef.pipeline [Page 131/237] Phase: classification         started
2026-07-21 11:43:05,812 INFO dmef.pipeline [Page 131/237] Phase: classification         done in 3.74s
2026-07-21 11:43:05,819 INFO dmef.pipeline [Page 131/237] Phase: field extraction       started
2026-07-21 11:43:09,183 INFO dmef.pipeline [Page 131/237] Phase: field extraction       done in 3.36s
2026-07-21 11:43:13,000 INFO dmef.pipeline [Page 131/237] Total page time: 10.94s
2026-07-21 11:43:13,010 INFO dmef.pipeline [Page 132/237] Phase: page load              started
2026-07-21 11:43:13,010 INFO dmef.pipeline [Page 132/237] Phase: page load              done in 0.00s
2026-07-21 11:43:13,010 INFO dmef.pipeline [Page 132/237] Phase: content triage         started
2026-07-21 11:43:13,010 INFO dmef.pipeline [Page 132/237] Phase: content triage         done in 0.00s
2026-07-21 11:43:13,015 INFO dmef.pipeline [Page 132/237] Phase: classification         started
2026-07-21 11:43:16,712 INFO dmef.pipeline [Page 132/237] Phase: classification         done in 3.70s
2026-07-21 11:43:16,719 INFO dmef.pipeline [Page 132/237] Phase: field extraction       started
2026-07-21 11:43:16,720 INFO dmef.pipeline [Page 132/237] Phase: field extraction       done in 0.00s
2026-07-21 11:43:19,827 INFO dmef.pipeline [Page 132/237] Total page time: 6.82s
2026-07-21 11:43:19,838 INFO dmef.pipeline [Page 133/237] Phase: page load              started
2026-07-21 11:43:19,838 INFO dmef.pipeline [Page 133/237] Phase: page load              done in 0.00s
2026-07-21 11:43:19,838 INFO dmef.pipeline [Page 133/237] Phase: content triage         started
2026-07-21 11:43:19,840 INFO dmef.pipeline [Page 133/237] Phase: content triage         done in 0.00s
2026-07-21 11:43:19,842 INFO dmef.pipeline [Page 133/237] Phase: classification         started
2026-07-21 11:43:23,177 INFO dmef.pipeline [Page 133/237] Phase: classification         done in 3.33s
2026-07-21 11:43:23,181 INFO dmef.pipeline [Page 133/237] Phase: field extraction       started
2026-07-21 11:43:23,182 INFO dmef.pipeline [Page 133/237] Phase: field extraction       done in 0.00s
2026-07-21 11:43:26,297 INFO dmef.pipeline [Page 133/237] Total page time: 6.46s
2026-07-21 11:43:26,313 INFO dmef.pipeline [Page 134/237] Phase: page load              started
2026-07-21 11:43:26,313 INFO dmef.pipeline [Page 134/237] Phase: page load              done in 0.00s
2026-07-21 11:43:26,313 INFO dmef.pipeline [Page 134/237] Phase: content triage         started
2026-07-21 11:43:26,313 INFO dmef.pipeline [Page 134/237] Phase: content triage         done in 0.00s
2026-07-21 11:43:26,313 INFO dmef.pipeline [Page 134/237] Phase: classification         started
2026-07-21 11:43:29,892 INFO dmef.pipeline [Page 134/237] Phase: classification         done in 3.57s
2026-07-21 11:43:29,898 INFO dmef.pipeline [Page 134/237] Phase: field extraction       started
2026-07-21 11:43:29,900 INFO dmef.pipeline [Page 134/237] Phase: field extraction       done in 0.00s
2026-07-21 11:43:33,149 INFO dmef.pipeline [Page 134/237] Total page time: 6.84s
2026-07-21 11:43:33,160 INFO dmef.pipeline [Page 135/237] Phase: page load              started
2026-07-21 11:43:33,160 INFO dmef.pipeline [Page 135/237] Phase: page load              done in 0.00s
2026-07-21 11:43:33,160 INFO dmef.pipeline [Page 135/237] Phase: content triage         started
2026-07-21 11:43:33,160 INFO dmef.pipeline [Page 135/237] Phase: content triage         done in 0.00s
2026-07-21 11:43:33,166 INFO dmef.pipeline [Page 135/237] Phase: classification         started
2026-07-21 11:43:36,549 INFO dmef.pipeline [Page 135/237] Phase: classification         done in 3.38s
2026-07-21 11:43:36,554 INFO dmef.pipeline [Page 135/237] Phase: field extraction       started
2026-07-21 11:43:36,555 INFO dmef.pipeline [Page 135/237] Phase: field extraction       done in 0.00s
2026-07-21 11:43:39,805 INFO dmef.pipeline [Page 135/237] Total page time: 6.65s
2026-07-21 11:43:39,816 INFO dmef.pipeline [Page 136/237] Phase: page load              started
2026-07-21 11:43:39,816 INFO dmef.pipeline [Page 136/237] Phase: page load              done in 0.00s
2026-07-21 11:43:39,816 INFO dmef.pipeline [Page 136/237] Phase: content triage         started
2026-07-21 11:43:39,816 INFO dmef.pipeline [Page 136/237] Phase: content triage         done in 0.00s
2026-07-21 11:43:39,821 INFO dmef.pipeline [Page 136/237] Phase: classification         started
2026-07-21 11:43:43,826 INFO dmef.pipeline [Page 136/237] Phase: classification         done in 4.00s
2026-07-21 11:43:43,834 INFO dmef.pipeline [Page 136/237] Phase: field extraction       started
2026-07-21 11:43:43,835 INFO dmef.pipeline [Page 136/237] Phase: field extraction       done in 0.00s
2026-07-21 11:43:47,210 INFO dmef.pipeline [Page 136/237] Total page time: 7.40s
2026-07-21 11:43:47,218 INFO dmef.pipeline [Page 137/237] Phase: page load              started
2026-07-21 11:43:47,220 INFO dmef.pipeline [Page 137/237] Phase: page load              done in 0.00s
2026-07-21 11:43:47,220 INFO dmef.pipeline [Page 137/237] Phase: content triage         started
2026-07-21 11:43:47,220 INFO dmef.pipeline [Page 137/237] Phase: content triage         done in 0.00s
2026-07-21 11:43:47,225 INFO dmef.pipeline [Page 137/237] Phase: classification         started
2026-07-21 11:43:51,125 INFO dmef.pipeline [Page 137/237] Phase: classification         done in 3.90s
2026-07-21 11:43:51,129 INFO dmef.pipeline [Page 137/237] Phase: field extraction       started
2026-07-21 11:43:51,130 INFO dmef.pipeline [Page 137/237] Phase: field extraction       done in 0.00s
2026-07-21 11:43:54,103 INFO dmef.pipeline [Page 137/237] Total page time: 6.89s
2026-07-21 11:43:54,115 INFO dmef.pipeline [Page 138/237] Phase: page load              started
2026-07-21 11:43:54,116 INFO dmef.pipeline [Page 138/237] Phase: page load              done in 0.00s
2026-07-21 11:43:54,116 INFO dmef.pipeline [Page 138/237] Phase: content triage         started
2026-07-21 11:43:54,116 INFO dmef.pipeline [Page 138/237] Phase: content triage         done in 0.00s
2026-07-21 11:43:54,120 INFO dmef.pipeline [Page 138/237] Phase: classification         started
2026-07-21 11:43:57,283 INFO dmef.pipeline [Page 138/237] Phase: classification         done in 3.16s
2026-07-21 11:43:57,288 INFO dmef.pipeline [Page 138/237] Phase: field extraction       started
2026-07-21 11:43:57,289 INFO dmef.pipeline [Page 138/237] Phase: field extraction       done in 0.00s
2026-07-21 11:44:00,717 INFO dmef.pipeline [Page 138/237] Total page time: 6.60s
2026-07-21 11:44:00,726 INFO dmef.pipeline [Page 139/237] Phase: page load              started
2026-07-21 11:44:00,727 INFO dmef.pipeline [Page 139/237] Phase: page load              done in 0.00s
2026-07-21 11:44:00,727 INFO dmef.pipeline [Page 139/237] Phase: content triage         started
2026-07-21 11:44:00,727 INFO dmef.pipeline [Page 139/237] Phase: content triage         done in 0.00s
2026-07-21 11:44:00,731 INFO dmef.pipeline [Page 139/237] Phase: classification         started
2026-07-21 11:44:04,098 INFO dmef.pipeline [Page 139/237] Phase: classification         done in 3.37s
2026-07-21 11:44:04,105 INFO dmef.pipeline [Page 139/237] Phase: field extraction       started
2026-07-21 11:44:04,106 INFO dmef.pipeline [Page 139/237] Phase: field extraction       done in 0.00s
2026-07-21 11:44:07,498 INFO dmef.pipeline [Page 139/237] Total page time: 6.77s
2026-07-21 11:44:07,506 INFO dmef.pipeline [Page 140/237] Phase: page load              started
2026-07-21 11:44:07,506 INFO dmef.pipeline [Page 140/237] Phase: page load              done in 0.00s
2026-07-21 11:44:07,508 INFO dmef.pipeline [Page 140/237] Phase: content triage         started
2026-07-21 11:44:07,508 INFO dmef.pipeline [Page 140/237] Phase: content triage         done in 0.00s
2026-07-21 11:44:07,512 INFO dmef.pipeline [Page 140/237] Phase: classification         started
2026-07-21 11:44:11,135 INFO dmef.pipeline [Page 140/237] Phase: classification         done in 3.62s
2026-07-21 11:44:11,138 INFO dmef.pipeline [Page 140/237] Phase: field extraction       started
2026-07-21 11:44:11,139 INFO dmef.pipeline [Page 140/237] Phase: field extraction       done in 0.00s
2026-07-21 11:44:14,433 INFO dmef.pipeline [Page 140/237] Total page time: 6.93s
2026-07-21 11:44:14,441 INFO dmef.pipeline [Page 141/237] Phase: page load              started
2026-07-21 11:44:14,443 INFO dmef.pipeline [Page 141/237] Phase: page load              done in 0.00s
2026-07-21 11:44:14,443 INFO dmef.pipeline [Page 141/237] Phase: content triage         started
2026-07-21 11:44:14,443 INFO dmef.pipeline [Page 141/237] Phase: content triage         done in 0.00s
2026-07-21 11:44:14,448 INFO dmef.pipeline [Page 141/237] Phase: classification         started
2026-07-21 11:44:17,649 INFO dmef.pipeline [Page 141/237] Phase: classification         done in 3.20s
2026-07-21 11:44:17,653 INFO dmef.pipeline [Page 141/237] Phase: field extraction       started
2026-07-21 11:44:17,654 INFO dmef.pipeline [Page 141/237] Phase: field extraction       done in 0.00s
2026-07-21 11:44:20,888 INFO dmef.pipeline [Page 141/237] Total page time: 6.45s
2026-07-21 11:44:20,896 INFO dmef.pipeline [Page 142/237] Phase: page load              started
2026-07-21 11:44:20,896 INFO dmef.pipeline [Page 142/237] Phase: page load              done in 0.00s
2026-07-21 11:44:20,896 INFO dmef.pipeline [Page 142/237] Phase: content triage         started
2026-07-21 11:44:20,899 INFO dmef.pipeline [Page 142/237] Phase: content triage         done in 0.00s
2026-07-21 11:44:20,899 INFO dmef.pipeline [Page 142/237] Phase: classification         started
2026-07-21 11:44:24,406 INFO dmef.pipeline [Page 142/237] Phase: classification         done in 3.50s
2026-07-21 11:44:24,413 INFO dmef.pipeline [Page 142/237] Phase: field extraction       started
2026-07-21 11:44:24,415 INFO dmef.pipeline [Page 142/237] Phase: field extraction       done in 0.00s
2026-07-21 11:44:27,706 INFO dmef.pipeline [Page 142/237] Total page time: 6.81s
2026-07-21 11:44:27,718 INFO dmef.pipeline [Page 143/237] Phase: page load              started
2026-07-21 11:44:27,718 INFO dmef.pipeline [Page 143/237] Phase: page load              done in 0.00s
2026-07-21 11:44:27,718 INFO dmef.pipeline [Page 143/237] Phase: content triage         started
2026-07-21 11:44:27,720 INFO dmef.pipeline [Page 143/237] Phase: content triage         done in 0.00s
2026-07-21 11:44:27,724 INFO dmef.pipeline [Page 143/237] Phase: classification         started
2026-07-21 11:44:31,178 INFO dmef.pipeline [Page 143/237] Phase: classification         done in 3.45s
2026-07-21 11:44:31,182 INFO dmef.pipeline [Page 143/237] Phase: field extraction       started
2026-07-21 11:44:31,183 INFO dmef.pipeline [Page 143/237] Phase: field extraction       done in 0.00s
2026-07-21 11:44:34,362 INFO dmef.pipeline [Page 143/237] Total page time: 6.65s
2026-07-21 11:44:34,371 INFO dmef.pipeline [Page 144/237] Phase: page load              started
2026-07-21 11:44:34,371 INFO dmef.pipeline [Page 144/237] Phase: page load              done in 0.00s
2026-07-21 11:44:34,371 INFO dmef.pipeline [Page 144/237] Phase: content triage         started
2026-07-21 11:44:34,371 INFO dmef.pipeline [Page 144/237] Phase: content triage         done in 0.00s
2026-07-21 11:44:34,378 INFO dmef.pipeline [Page 144/237] Phase: classification         started
2026-07-21 11:44:37,653 INFO dmef.pipeline [Page 144/237] Phase: classification         done in 3.27s
2026-07-21 11:44:37,660 INFO dmef.pipeline [Page 144/237] Phase: field extraction       started
2026-07-21 11:44:37,661 INFO dmef.pipeline [Page 144/237] Phase: field extraction       done in 0.00s
2026-07-21 11:44:41,162 INFO dmef.pipeline [Page 144/237] Total page time: 6.79s
2026-07-21 11:44:41,175 INFO dmef.pipeline [Page 145/237] Phase: page load              started
2026-07-21 11:44:41,175 INFO dmef.pipeline [Page 145/237] Phase: page load              done in 0.00s
2026-07-21 11:44:41,175 INFO dmef.pipeline [Page 145/237] Phase: content triage         started
2026-07-21 11:44:41,177 INFO dmef.pipeline [Page 145/237] Phase: content triage         done in 0.00s
2026-07-21 11:44:41,179 INFO dmef.pipeline [Page 145/237] Phase: classification         started
2026-07-21 11:44:43,889 INFO dmef.pipeline [Page 145/237] Phase: classification         done in 2.71s
2026-07-21 11:44:44,013 INFO dmef.pipeline [Page 145/237] Phase: field extraction       started
2026-07-21 11:44:44,083 INFO dmef.pipeline [Page 145/237] Phase: field extraction       done in 0.00s
2026-07-21 11:44:47,340 INFO dmef.pipeline [Page 145/237] Total page time: 6.17s
2026-07-21 11:44:47,348 INFO dmef.pipeline [Page 146/237] Phase: page load              started
2026-07-21 11:44:47,350 INFO dmef.pipeline [Page 146/237] Phase: page load              done in 0.00s
2026-07-21 11:44:47,350 INFO dmef.pipeline [Page 146/237] Phase: content triage         started
2026-07-21 11:44:47,350 INFO dmef.pipeline [Page 146/237] Phase: content triage         done in 0.00s
2026-07-21 11:44:47,354 INFO dmef.pipeline [Page 146/237] Phase: classification         started
2026-07-21 11:44:50,360 INFO dmef.pipeline [Page 146/237] Phase: classification         done in 3.00s
2026-07-21 11:44:50,364 INFO dmef.pipeline [Page 146/237] Phase: field extraction       started
2026-07-21 11:44:50,365 INFO dmef.pipeline [Page 146/237] Phase: field extraction       done in 0.00s
2026-07-21 11:44:53,007 INFO dmef.pipeline [Page 146/237] Total page time: 5.66s
2026-07-21 11:44:53,019 INFO dmef.pipeline [Page 147/237] Phase: page load              started
2026-07-21 11:44:53,019 INFO dmef.pipeline [Page 147/237] Phase: page load              done in 0.00s
2026-07-21 11:44:53,019 INFO dmef.pipeline [Page 147/237] Phase: content triage         started
2026-07-21 11:44:53,021 INFO dmef.pipeline [Page 147/237] Phase: content triage         done in 0.00s
2026-07-21 11:44:53,024 INFO dmef.pipeline [Page 147/237] Phase: classification         started
2026-07-21 11:44:55,431 INFO dmef.pipeline [Page 147/237] Phase: classification         done in 2.41s
2026-07-21 11:44:55,438 INFO dmef.pipeline [Page 147/237] Phase: field extraction       started
2026-07-21 11:44:55,439 INFO dmef.pipeline [Page 147/237] Phase: field extraction       done in 0.00s
2026-07-21 11:44:58,757 INFO dmef.pipeline [Page 147/237] Total page time: 5.74s
2026-07-21 11:44:58,767 INFO dmef.pipeline [Page 148/237] Phase: page load              started
2026-07-21 11:44:58,767 INFO dmef.pipeline [Page 148/237] Phase: page load              done in 0.00s
2026-07-21 11:44:58,767 INFO dmef.pipeline [Page 148/237] Phase: content triage         started
2026-07-21 11:44:58,767 INFO dmef.pipeline [Page 148/237] Phase: content triage         done in 0.00s
2026-07-21 11:44:58,772 INFO dmef.pipeline [Page 148/237] Phase: classification         started
2026-07-21 11:45:01,626 INFO dmef.pipeline [Page 148/237] Phase: classification         done in 2.85s
2026-07-21 11:45:01,634 INFO dmef.pipeline [Page 148/237] Phase: field extraction       started
2026-07-21 11:45:01,635 INFO dmef.pipeline [Page 148/237] Phase: field extraction       done in 0.00s
2026-07-21 11:45:04,737 INFO dmef.pipeline [Page 148/237] Total page time: 5.97s
2026-07-21 11:45:04,748 INFO dmef.pipeline [Page 149/237] Phase: page load              started
2026-07-21 11:45:04,748 INFO dmef.pipeline [Page 149/237] Phase: page load              done in 0.00s
2026-07-21 11:45:04,748 INFO dmef.pipeline [Page 149/237] Phase: content triage         started
2026-07-21 11:45:04,748 INFO dmef.pipeline [Page 149/237] Phase: content triage         done in 0.00s
2026-07-21 11:45:04,752 INFO dmef.pipeline [Page 149/237] Phase: classification         started
2026-07-21 11:45:07,882 INFO dmef.pipeline [Page 149/237] Phase: classification         done in 3.13s
2026-07-21 11:45:07,888 INFO dmef.pipeline [Page 149/237] Phase: field extraction       started
2026-07-21 11:45:07,888 INFO dmef.pipeline [Page 149/237] Phase: field extraction       done in 0.00s
2026-07-21 11:45:11,195 INFO dmef.pipeline [Page 149/237] Total page time: 6.45s
2026-07-21 11:45:11,205 INFO dmef.pipeline [Page 150/237] Phase: page load              started
2026-07-21 11:45:11,205 INFO dmef.pipeline [Page 150/237] Phase: page load              done in 0.00s
2026-07-21 11:45:11,205 INFO dmef.pipeline [Page 150/237] Phase: content triage         started
2026-07-21 11:45:11,205 INFO dmef.pipeline [Page 150/237] Phase: content triage         done in 0.00s
2026-07-21 11:45:11,205 INFO dmef.pipeline [Page 150/237] Phase: classification         started
2026-07-21 11:45:11,248 INFO dmef.pipeline [Page 150/237] Phase: classification         done in 0.03s
2026-07-21 11:45:11,252 INFO dmef.pipeline [Page 150/237] Phase: field extraction       started
2026-07-21 11:45:11,252 INFO dmef.pipeline [Page 150/237] Phase: field extraction       done in 0.00s
2026-07-21 11:45:14,474 INFO dmef.pipeline [Page 150/237] Total page time: 3.27s
2026-07-21 11:45:14,484 INFO dmef.pipeline [Page 151/237] Phase: page load              started
2026-07-21 11:45:14,484 INFO dmef.pipeline [Page 151/237] Phase: page load              done in 0.00s
2026-07-21 11:45:14,484 INFO dmef.pipeline [Page 151/237] Phase: content triage         started
2026-07-21 11:45:14,485 INFO dmef.pipeline [Page 151/237] Phase: content triage         done in 0.00s
2026-07-21 11:45:14,485 INFO dmef.pipeline [Page 151/237] Phase: classification         started
2026-07-21 11:45:18,031 INFO dmef.pipeline [Page 151/237] Phase: classification         done in 3.54s
2026-07-21 11:45:18,039 INFO dmef.pipeline [Page 151/237] Phase: field extraction       started
2026-07-21 11:45:18,039 INFO dmef.pipeline [Page 151/237] Phase: field extraction       done in 0.00s
2026-07-21 11:45:21,287 INFO dmef.pipeline [Page 151/237] Total page time: 6.81s
2026-07-21 11:45:21,295 INFO dmef.pipeline [Page 152/237] Phase: page load              started
2026-07-21 11:45:21,295 INFO dmef.pipeline [Page 152/237] Phase: page load              done in 0.00s
2026-07-21 11:45:21,295 INFO dmef.pipeline [Page 152/237] Phase: content triage         started
2026-07-21 11:45:21,295 INFO dmef.pipeline [Page 152/237] Phase: content triage         done in 0.00s
2026-07-21 11:45:21,300 INFO dmef.pipeline [Page 152/237] Phase: classification         started
2026-07-21 11:45:24,560 INFO dmef.pipeline [Page 152/237] Phase: classification         done in 3.26s
2026-07-21 11:45:24,565 INFO dmef.pipeline [Page 152/237] Phase: field extraction       started
2026-07-21 11:45:24,565 INFO dmef.pipeline [Page 152/237] Phase: field extraction       done in 0.00s
2026-07-21 11:45:27,714 INFO dmef.pipeline [Page 152/237] Total page time: 6.42s
2026-07-21 11:45:27,720 INFO dmef.pipeline [Page 153/237] Phase: page load              started
2026-07-21 11:45:27,720 INFO dmef.pipeline [Page 153/237] Phase: page load              done in 0.00s
2026-07-21 11:45:27,720 INFO dmef.pipeline [Page 153/237] Phase: content triage         started
2026-07-21 11:45:27,725 INFO dmef.pipeline [Page 153/237] Phase: content triage         done in 0.00s
2026-07-21 11:45:27,729 INFO dmef.pipeline [Page 153/237] Phase: classification         started
2026-07-21 11:45:30,364 INFO dmef.pipeline [Page 153/237] Phase: classification         done in 2.63s
2026-07-21 11:45:30,373 INFO dmef.pipeline [Page 153/237] Phase: field extraction       started
2026-07-21 11:45:30,373 INFO dmef.pipeline [Page 153/237] Phase: field extraction       done in 0.00s
2026-07-21 11:45:33,255 INFO dmef.pipeline [Page 153/237] Total page time: 5.53s
2026-07-21 11:45:33,264 INFO dmef.pipeline [Page 154/237] Phase: page load              started
2026-07-21 11:45:33,264 INFO dmef.pipeline [Page 154/237] Phase: page load              done in 0.00s
2026-07-21 11:45:33,264 INFO dmef.pipeline [Page 154/237] Phase: content triage         started
2026-07-21 11:45:33,264 INFO dmef.pipeline [Page 154/237] Phase: content triage         done in 0.00s
2026-07-21 11:45:33,269 INFO dmef.pipeline [Page 154/237] Phase: classification         started
2026-07-21 11:45:36,695 INFO dmef.pipeline [Page 154/237] Phase: classification         done in 3.43s
2026-07-21 11:45:36,705 INFO dmef.pipeline [Page 154/237] Phase: field extraction       started
2026-07-21 11:45:36,705 INFO dmef.pipeline [Page 154/237] Phase: field extraction       done in 0.00s
2026-07-21 11:45:40,024 INFO dmef.pipeline [Page 154/237] Total page time: 6.76s
2026-07-21 11:45:40,033 INFO dmef.pipeline [Page 155/237] Phase: page load              started
2026-07-21 11:45:40,033 INFO dmef.pipeline [Page 155/237] Phase: page load              done in 0.00s
2026-07-21 11:45:40,033 INFO dmef.pipeline [Page 155/237] Phase: content triage         started
2026-07-21 11:45:40,039 INFO dmef.pipeline [Page 155/237] Phase: content triage         done in 0.00s
2026-07-21 11:45:40,042 INFO dmef.pipeline [Page 155/237] Phase: classification         started
2026-07-21 11:45:43,401 INFO dmef.pipeline [Page 155/237] Phase: classification         done in 3.36s
2026-07-21 11:45:43,416 INFO dmef.pipeline [Page 155/237] Phase: field extraction       started
2026-07-21 11:45:43,416 INFO dmef.pipeline [Page 155/237] Phase: field extraction       done in 0.00s
2026-07-21 11:45:46,946 INFO dmef.pipeline [Page 155/237] Total page time: 6.91s
2026-07-21 11:45:46,954 INFO dmef.pipeline [Page 156/237] Phase: page load              started
2026-07-21 11:45:46,956 INFO dmef.pipeline [Page 156/237] Phase: page load              done in 0.00s
2026-07-21 11:45:46,956 INFO dmef.pipeline [Page 156/237] Phase: content triage         started
2026-07-21 11:45:46,958 INFO dmef.pipeline [Page 156/237] Phase: content triage         done in 0.00s
2026-07-21 11:45:46,959 INFO dmef.pipeline [Page 156/237] Phase: classification         started
2026-07-21 11:45:50,098 INFO dmef.pipeline [Page 156/237] Phase: classification         done in 3.14s
2026-07-21 11:45:50,105 INFO dmef.pipeline [Page 156/237] Phase: field extraction       started
2026-07-21 11:45:50,106 INFO dmef.pipeline [Page 156/237] Phase: field extraction       done in 0.00s
2026-07-21 11:45:53,506 INFO dmef.pipeline [Page 156/237] Total page time: 6.55s
2026-07-21 11:45:53,516 INFO dmef.pipeline [Page 157/237] Phase: page load              started
2026-07-21 11:45:53,516 INFO dmef.pipeline [Page 157/237] Phase: page load              done in 0.00s
2026-07-21 11:45:53,516 INFO dmef.pipeline [Page 157/237] Phase: content triage         started
2026-07-21 11:45:53,518 INFO dmef.pipeline [Page 157/237] Phase: content triage         done in 0.00s
2026-07-21 11:45:53,522 INFO dmef.pipeline [Page 157/237] Phase: classification         started
2026-07-21 11:45:56,814 INFO dmef.pipeline [Page 157/237] Phase: classification         done in 3.29s
2026-07-21 11:45:56,820 INFO dmef.pipeline [Page 157/237] Phase: field extraction       started
2026-07-21 11:45:56,820 INFO dmef.pipeline [Page 157/237] Phase: field extraction       done in 0.00s
2026-07-21 11:46:00,406 INFO dmef.pipeline [Page 157/237] Total page time: 6.89s
2026-07-21 11:46:00,430 INFO dmef.pipeline [Page 158/237] Phase: page load              started
2026-07-21 11:46:00,432 INFO dmef.pipeline [Page 158/237] Phase: page load              done in 0.00s
2026-07-21 11:46:00,432 INFO dmef.pipeline [Page 158/237] Phase: content triage         started
2026-07-21 11:46:00,432 INFO dmef.pipeline [Page 158/237] Phase: content triage         done in 0.00s
2026-07-21 11:46:00,436 INFO dmef.pipeline [Page 158/237] Phase: classification         started
2026-07-21 11:46:04,275 INFO dmef.pipeline [Page 158/237] Phase: classification         done in 3.84s
2026-07-21 11:46:04,280 INFO dmef.pipeline [Page 158/237] Phase: field extraction       started
2026-07-21 11:46:08,214 INFO dmef.pipeline [Page 158/237] Phase: field extraction       done in 3.93s
2026-07-21 11:46:13,435 INFO dmef.pipeline [Page 158/237] Total page time: 13.01s
2026-07-21 11:46:13,443 INFO dmef.pipeline [Page 159/237] Phase: page load              started
2026-07-21 11:46:13,443 INFO dmef.pipeline [Page 159/237] Phase: page load              done in 0.00s
2026-07-21 11:46:13,443 INFO dmef.pipeline [Page 159/237] Phase: content triage         started
2026-07-21 11:46:13,446 INFO dmef.pipeline [Page 159/237] Phase: content triage         done in 0.00s
2026-07-21 11:46:13,450 INFO dmef.pipeline [Page 159/237] Phase: classification         started
2026-07-21 11:46:17,188 INFO dmef.pipeline [Page 159/237] Phase: classification         done in 3.74s
2026-07-21 11:46:17,192 INFO dmef.pipeline [Page 159/237] Phase: field extraction       started
2026-07-21 11:46:17,194 INFO dmef.pipeline [Page 159/237] Phase: field extraction       done in 0.00s
2026-07-21 11:46:22,838 INFO dmef.pipeline [Page 159/237] Total page time: 9.40s
2026-07-21 11:46:22,849 INFO dmef.pipeline [Page 160/237] Phase: page load              started
2026-07-21 11:46:22,851 INFO dmef.pipeline [Page 160/237] Phase: page load              done in 0.00s
2026-07-21 11:46:22,851 INFO dmef.pipeline [Page 160/237] Phase: content triage         started
2026-07-21 11:46:22,851 INFO dmef.pipeline [Page 160/237] Phase: content triage         done in 0.00s
2026-07-21 11:46:22,855 INFO dmef.pipeline [Page 160/237] Phase: classification         started
2026-07-21 11:46:26,815 INFO dmef.pipeline [Page 160/237] Phase: classification         done in 3.96s
2026-07-21 11:46:26,821 INFO dmef.pipeline [Page 160/237] Phase: field extraction       started
2026-07-21 11:46:26,823 INFO dmef.pipeline [Page 160/237] Phase: field extraction       done in 0.00s
2026-07-21 11:46:30,812 INFO dmef.pipeline [Page 160/237] Total page time: 7.96s
2026-07-21 11:46:30,822 INFO dmef.pipeline [Page 161/237] Phase: page load              started
2026-07-21 11:46:30,822 INFO dmef.pipeline [Page 161/237] Phase: page load              done in 0.00s
2026-07-21 11:46:30,822 INFO dmef.pipeline [Page 161/237] Phase: content triage         started
2026-07-21 11:46:30,825 INFO dmef.pipeline [Page 161/237] Phase: content triage         done in 0.00s
2026-07-21 11:46:30,826 INFO dmef.pipeline [Page 161/237] Phase: classification         started
2026-07-21 11:46:34,897 INFO dmef.pipeline [Page 161/237] Phase: classification         done in 4.07s
2026-07-21 11:46:34,903 INFO dmef.pipeline [Page 161/237] Phase: field extraction       started
2026-07-21 11:46:34,905 INFO dmef.pipeline [Page 161/237] Phase: field extraction       done in 0.00s
2026-07-21 11:46:39,139 INFO dmef.pipeline [Page 161/237] Total page time: 8.32s
2026-07-21 11:46:39,152 INFO dmef.pipeline [Page 162/237] Phase: page load              started
2026-07-21 11:46:39,154 INFO dmef.pipeline [Page 162/237] Phase: page load              done in 0.00s
2026-07-21 11:46:39,154 INFO dmef.pipeline [Page 162/237] Phase: content triage         started
2026-07-21 11:46:39,154 INFO dmef.pipeline [Page 162/237] Phase: content triage         done in 0.00s
2026-07-21 11:46:39,158 INFO dmef.pipeline [Page 162/237] Phase: classification         started
2026-07-21 11:46:42,615 INFO dmef.pipeline [Page 162/237] Phase: classification         done in 3.46s
2026-07-21 11:46:42,622 INFO dmef.pipeline [Page 162/237] Phase: field extraction       started
2026-07-21 11:46:42,623 INFO dmef.pipeline [Page 162/237] Phase: field extraction       done in 0.00s
2026-07-21 11:46:46,132 INFO dmef.pipeline [Page 162/237] Total page time: 6.98s
2026-07-21 11:46:46,144 INFO dmef.pipeline [Page 163/237] Phase: page load              started
2026-07-21 11:46:46,144 INFO dmef.pipeline [Page 163/237] Phase: page load              done in 0.00s
2026-07-21 11:46:46,144 INFO dmef.pipeline [Page 163/237] Phase: content triage         started
2026-07-21 11:46:46,144 INFO dmef.pipeline [Page 163/237] Phase: content triage         done in 0.00s
2026-07-21 11:46:46,149 INFO dmef.pipeline [Page 163/237] Phase: classification         started
2026-07-21 11:46:49,244 INFO dmef.pipeline [Page 163/237] Phase: classification         done in 3.09s
2026-07-21 11:46:49,250 INFO dmef.pipeline [Page 163/237] Phase: field extraction       started
2026-07-21 11:46:49,250 INFO dmef.pipeline [Page 163/237] Phase: field extraction       done in 0.00s
INFO:     127.0.0.1:54319 - "GET /health HTTP/1.1" 200 OK
INFO:     127.0.0.1:58153 - "GET /upload/56/progress HTTP/1.1" 200 OK
INFO:     127.0.0.1:58153 - "GET /upload/56/progress HTTP/1.1" 200 OK
2026-07-21 11:46:58,448 INFO dmef.pipeline [Page 163/237] Total page time: 12.31s
2026-07-21 11:46:58,460 INFO dmef.pipeline [Page 164/237] Phase: page load              started
2026-07-21 11:46:58,460 INFO dmef.pipeline [Page 164/237] Phase: page load              done in 0.00s
2026-07-21 11:46:58,460 INFO dmef.pipeline [Page 164/237] Phase: content triage         started
2026-07-21 11:46:58,460 INFO dmef.pipeline [Page 164/237] Phase: content triage         done in 0.00s
2026-07-21 11:46:58,464 INFO dmef.pipeline [Page 164/237] Phase: classification         started
2026-07-21 11:47:02,739 INFO dmef.pipeline [Page 164/237] Phase: classification         done in 4.27s
2026-07-21 11:47:02,742 INFO dmef.pipeline [Page 164/237] Phase: field extraction       started
INFO:     127.0.0.1:58517 - "GET /health HTTP/1.1" 200 OK
INFO:     127.0.0.1:65480 - "GET /upload/56/progress HTTP/1.1" 200 OK
INFO:     127.0.0.1:65480 - "GET /upload/56/progress HTTP/1.1" 200 OK
2026-07-21 11:47:06,839 INFO dmef.pipeline [Page 164/237] Phase: field extraction       done in 4.10s
INFO:     127.0.0.1:65480 - "GET /upload/56/progress HTTP/1.1" 200 OK
INFO:     127.0.0.1:65480 - "GET /upload/56/progress HTTP/1.1" 200 OK
2026-07-21 11:47:10,953 INFO dmef.pipeline [Page 164/237] Total page time: 12.50s
2026-07-21 11:47:10,962 INFO dmef.pipeline [Page 165/237] Phase: page load              started
2026-07-21 11:47:10,963 INFO dmef.pipeline [Page 165/237] Phase: page load              done in 0.00s
2026-07-21 11:47:10,964 INFO dmef.pipeline [Page 165/237] Phase: content triage         started
2026-07-21 11:47:10,964 INFO dmef.pipeline [Page 165/237] Phase: content triage         done in 0.00s
2026-07-21 11:47:10,969 INFO dmef.pipeline [Page 165/237] Phase: classification         started
INFO:     127.0.0.1:65480 - "GET /upload/56/progress HTTP/1.1" 200 OK
INFO:     127.0.0.1:65480 - "GET /upload/56/progress HTTP/1.1" 200 OK
2026-07-21 11:47:14,631 INFO dmef.pipeline [Page 165/237] Phase: classification         done in 3.66s
2026-07-21 11:47:14,635 INFO dmef.pipeline [Page 165/237] Phase: field extraction       started
2026-07-21 11:47:14,636 INFO dmef.pipeline [Page 165/237] Phase: field extraction       done in 0.00s
2026-07-21 11:47:18,526 INFO dmef.pipeline [Page 165/237] Total page time: 7.57s
2026-07-21 11:47:18,536 INFO dmef.pipeline [Page 166/237] Phase: page load              started
2026-07-21 11:47:18,538 INFO dmef.pipeline [Page 166/237] Phase: page load              done in 0.00s
2026-07-21 11:47:18,538 INFO dmef.pipeline [Page 166/237] Phase: content triage         started
2026-07-21 11:47:18,538 INFO dmef.pipeline [Page 166/237] Phase: content triage         done in 0.00s
2026-07-21 11:47:18,542 INFO dmef.pipeline [Page 166/237] Phase: classification         started
2026-07-21 11:47:22,502 INFO dmef.pipeline [Page 166/237] Phase: classification         done in 3.96s
2026-07-21 11:47:22,506 INFO dmef.pipeline [Page 166/237] Phase: field extraction       started
2026-07-21 11:47:22,506 INFO dmef.pipeline [Page 166/237] Phase: field extraction       done in 0.00s
2026-07-21 11:47:26,266 INFO dmef.pipeline [Page 166/237] Total page time: 7.73s
2026-07-21 11:47:26,278 INFO dmef.pipeline [Page 167/237] Phase: page load              started
2026-07-21 11:47:26,278 INFO dmef.pipeline [Page 167/237] Phase: page load              done in 0.00s
2026-07-21 11:47:26,278 INFO dmef.pipeline [Page 167/237] Phase: content triage         started
2026-07-21 11:47:26,278 INFO dmef.pipeline [Page 167/237] Phase: content triage         done in 0.00s
2026-07-21 11:47:26,283 INFO dmef.pipeline [Page 167/237] Phase: classification         started
2026-07-21 11:47:29,896 INFO dmef.pipeline [Page 167/237] Phase: classification         done in 3.61s
2026-07-21 11:47:29,901 INFO dmef.pipeline [Page 167/237] Phase: field extraction       started
2026-07-21 11:47:29,902 INFO dmef.pipeline [Page 167/237] Phase: field extraction       done in 0.00s
2026-07-21 11:47:33,510 INFO dmef.pipeline [Page 167/237] Total page time: 7.23s
2026-07-21 11:47:33,520 INFO dmef.pipeline [Page 168/237] Phase: page load              started
2026-07-21 11:47:33,520 INFO dmef.pipeline [Page 168/237] Phase: page load              done in 0.00s
2026-07-21 11:47:33,520 INFO dmef.pipeline [Page 168/237] Phase: content triage         started
2026-07-21 11:47:33,520 INFO dmef.pipeline [Page 168/237] Phase: content triage         done in 0.00s
2026-07-21 11:47:33,524 INFO dmef.pipeline [Page 168/237] Phase: classification         started
2026-07-21 11:47:33,565 INFO dmef.pipeline [Page 168/237] Phase: classification         done in 0.04s
2026-07-21 11:47:33,570 INFO dmef.pipeline [Page 168/237] Phase: field extraction       started
2026-07-21 11:47:33,570 INFO dmef.pipeline [Page 168/237] Phase: field extraction       done in 0.00s
2026-07-21 11:47:37,988 INFO dmef.pipeline [Page 168/237] Total page time: 4.47s
2026-07-21 11:47:38,000 INFO dmef.pipeline [Page 169/237] Phase: page load              started
2026-07-21 11:47:38,002 INFO dmef.pipeline [Page 169/237] Phase: page load              done in 0.00s
2026-07-21 11:47:38,002 INFO dmef.pipeline [Page 169/237] Phase: content triage         started
2026-07-21 11:47:38,002 INFO dmef.pipeline [Page 169/237] Phase: content triage         done in 0.00s
2026-07-21 11:47:38,005 INFO dmef.pipeline [Page 169/237] Phase: classification         started
2026-07-21 11:47:38,046 INFO dmef.pipeline [Page 169/237] Phase: classification         done in 0.04s
2026-07-21 11:47:38,046 INFO dmef.pipeline [Page 169/237] Phase: field extraction       started
2026-07-21 11:47:38,053 INFO dmef.pipeline [Page 169/237] Phase: field extraction       done in 0.00s
2026-07-21 11:47:40,712 INFO dmef.pipeline [Page 169/237] Total page time: 2.71s
2026-07-21 11:47:40,722 INFO dmef.pipeline [Page 170/237] Phase: page load              started
2026-07-21 11:47:40,724 INFO dmef.pipeline [Page 170/237] Phase: page load              done in 0.00s
2026-07-21 11:47:40,724 INFO dmef.pipeline [Page 170/237] Phase: content triage         started
2026-07-21 11:47:40,724 INFO dmef.pipeline [Page 170/237] Phase: content triage         done in 0.00s
2026-07-21 11:47:40,726 INFO dmef.pipeline [Page 170/237] Phase: classification         started
2026-07-21 11:47:40,755 INFO dmef.pipeline [Page 170/237] Phase: classification         done in 0.03s
2026-07-21 11:47:40,759 INFO dmef.pipeline [Page 170/237] Phase: field extraction       started
2026-07-21 11:47:40,761 INFO dmef.pipeline [Page 170/237] Phase: field extraction       done in 0.00s
2026-07-21 11:47:43,363 INFO dmef.pipeline [Page 170/237] Total page time: 2.64s
2026-07-21 11:47:43,376 INFO dmef.pipeline [Page 171/237] Phase: page load              started
2026-07-21 11:47:43,376 INFO dmef.pipeline [Page 171/237] Phase: page load              done in 0.00s
2026-07-21 11:47:43,376 INFO dmef.pipeline [Page 171/237] Phase: content triage         started
2026-07-21 11:47:43,376 INFO dmef.pipeline [Page 171/237] Phase: content triage         done in 0.00s
2026-07-21 11:47:43,376 INFO dmef.pipeline [Page 171/237] Phase: classification         started
2026-07-21 11:47:43,397 INFO dmef.pipeline [Page 171/237] Phase: classification         done in 0.02s
2026-07-21 11:47:43,399 INFO dmef.pipeline [Page 171/237] Phase: field extraction       started
2026-07-21 11:47:43,399 INFO dmef.pipeline [Page 171/237] Phase: field extraction       done in 0.00s
2026-07-21 11:47:46,080 INFO dmef.pipeline [Page 171/237] Total page time: 2.71s
2026-07-21 11:47:46,090 INFO dmef.pipeline [Page 172/237] Phase: page load              started
2026-07-21 11:47:46,090 INFO dmef.pipeline [Page 172/237] Phase: page load              done in 0.00s
2026-07-21 11:47:46,090 INFO dmef.pipeline [Page 172/237] Phase: content triage         started
2026-07-21 11:47:46,090 INFO dmef.pipeline [Page 172/237] Phase: content triage         done in 0.00s
2026-07-21 11:47:46,090 INFO dmef.pipeline [Page 172/237] Phase: classification         started
2026-07-21 11:47:46,109 INFO dmef.pipeline [Page 172/237] Phase: classification         done in 0.01s
2026-07-21 11:47:46,112 INFO dmef.pipeline [Page 172/237] Phase: field extraction       started
2026-07-21 11:47:46,112 INFO dmef.pipeline [Page 172/237] Phase: field extraction       done in 0.00s
2026-07-21 11:47:49,320 INFO dmef.pipeline [Page 172/237] Total page time: 3.23s
2026-07-21 11:47:49,332 INFO dmef.pipeline [Page 173/237] Phase: page load              started
2026-07-21 11:47:49,333 INFO dmef.pipeline [Page 173/237] Phase: page load              done in 0.00s
2026-07-21 11:47:49,333 INFO dmef.pipeline [Page 173/237] Phase: content triage         started
2026-07-21 11:47:49,333 INFO dmef.pipeline [Page 173/237] Phase: content triage         done in 0.00s
2026-07-21 11:47:49,335 INFO dmef.pipeline [Page 173/237] Phase: classification         started
2026-07-21 11:47:49,335 INFO dmef.pipeline [Page 173/237] Phase: classification         done in 0.00s
2026-07-21 11:47:49,346 INFO dmef.pipeline [Page 173/237] Phase: field extraction       started
2026-07-21 11:47:49,346 INFO dmef.pipeline [Page 173/237] Phase: field extraction       done in 0.00s
2026-07-21 11:47:51,861 INFO dmef.pipeline [Page 173/237] Total page time: 2.53s
2026-07-21 11:47:51,871 INFO dmef.pipeline [Page 174/237] Phase: page load              started
2026-07-21 11:47:51,871 INFO dmef.pipeline [Page 174/237] Phase: page load              done in 0.00s
2026-07-21 11:47:51,871 INFO dmef.pipeline [Page 174/237] Phase: OCR (PaddleOCR)        started
2026-07-21 11:48:02,703 INFO dmef.pipeline [Page 174/237] Phase: OCR (PaddleOCR)        done in 10.83s
2026-07-21 11:48:02,705 INFO dmef.pipeline [Page 174/237] Phase: content triage         started
2026-07-21 11:48:02,705 INFO dmef.pipeline [Page 174/237] Phase: content triage         done in 0.00s
2026-07-21 11:48:02,707 INFO dmef.pipeline [Page 174/237] Phase: classification         started
2026-07-21 11:48:02,718 INFO dmef.pipeline [Page 174/237] Phase: classification         done in 0.01s
2026-07-21 11:48:02,720 INFO dmef.pipeline [Page 174/237] Phase: field extraction       started
2026-07-21 11:48:02,720 INFO dmef.pipeline [Page 174/237] Phase: field extraction       done in 0.00s
2026-07-21 11:48:04,515 INFO dmef.pipeline [Page 174/237] Total page time: 12.65s
2026-07-21 11:48:04,524 INFO dmef.pipeline [Page 175/237] Phase: page load              started
2026-07-21 11:48:04,524 INFO dmef.pipeline [Page 175/237] Phase: page load              done in 0.00s
2026-07-21 11:48:04,524 INFO dmef.pipeline [Page 175/237] Phase: OCR (PaddleOCR)        started
2026-07-21 11:48:09,926 INFO dmef.pipeline [Page 175/237] Phase: OCR (PaddleOCR)        done in 5.41s
2026-07-21 11:48:09,926 INFO dmef.pipeline [Page 175/237] Phase: content triage         started
2026-07-21 11:48:09,926 INFO dmef.pipeline [Page 175/237] Phase: content triage         done in 0.00s
2026-07-21 11:48:09,926 INFO dmef.pipeline [Page 175/237] Phase: classification         started
2026-07-21 11:48:09,949 INFO dmef.pipeline [Page 175/237] Phase: classification         done in 0.01s
2026-07-21 11:48:09,949 INFO dmef.pipeline [Page 175/237] Phase: field extraction       started
2026-07-21 11:48:09,949 INFO dmef.pipeline [Page 175/237] Phase: field extraction       done in 0.00s
2026-07-21 11:48:11,967 INFO dmef.pipeline [Page 175/237] Total page time: 7.45s
2026-07-21 11:48:11,975 INFO dmef.pipeline [Page 176/237] Phase: page load              started
2026-07-21 11:48:11,978 INFO dmef.pipeline [Page 176/237] Phase: page load              done in 0.00s
2026-07-21 11:48:11,978 INFO dmef.pipeline [Page 176/237] Phase: OCR (PaddleOCR)        started
2026-07-21 11:48:22,684 INFO dmef.pipeline [Page 176/237] Phase: OCR (PaddleOCR)        done in 10.71s
2026-07-21 11:48:22,684 INFO dmef.pipeline [Page 176/237] Phase: content triage         started
2026-07-21 11:48:22,684 INFO dmef.pipeline [Page 176/237] Phase: content triage         done in 0.00s
2026-07-21 11:48:22,687 INFO dmef.pipeline [Page 176/237] Phase: classification         started
2026-07-21 11:48:22,697 INFO dmef.pipeline [Page 176/237] Phase: classification         done in 0.01s
2026-07-21 11:48:22,699 INFO dmef.pipeline [Page 176/237] Phase: field extraction       started
2026-07-21 11:48:22,699 INFO dmef.pipeline [Page 176/237] Phase: field extraction       done in 0.00s
2026-07-21 11:48:24,701 INFO dmef.pipeline [Page 176/237] Total page time: 12.73s
2026-07-21 11:48:24,710 INFO dmef.pipeline [Page 177/237] Phase: page load              started
2026-07-21 11:48:24,710 INFO dmef.pipeline [Page 177/237] Phase: page load              done in 0.00s
2026-07-21 11:48:24,710 INFO dmef.pipeline [Page 177/237] Phase: OCR (PaddleOCR)        started
2026-07-21 11:48:54,015 INFO dmef.pipeline [Page 177/237] Phase: OCR (PaddleOCR)        done in 29.30s
2026-07-21 11:48:54,017 INFO dmef.pipeline [Page 177/237] Phase: content triage         started
2026-07-21 11:48:54,017 INFO dmef.pipeline [Page 177/237] Phase: content triage         done in 0.00s
2026-07-21 11:48:54,020 INFO dmef.pipeline [Page 177/237] Phase: classification         started
2026-07-21 11:48:54,050 INFO dmef.pipeline [Page 177/237] Phase: classification         done in 0.03s
2026-07-21 11:48:54,053 INFO dmef.pipeline [Page 177/237] Phase: field extraction       started
2026-07-21 11:48:54,053 INFO dmef.pipeline [Page 177/237] Phase: field extraction       done in 0.00s
2026-07-21 11:48:56,798 INFO dmef.pipeline [Page 177/237] Total page time: 32.09s
2026-07-21 11:48:56,805 INFO dmef.pipeline [Page 178/237] Phase: page load              started
2026-07-21 11:48:56,805 INFO dmef.pipeline [Page 178/237] Phase: page load              done in 0.00s
2026-07-21 11:48:56,805 INFO dmef.pipeline [Page 178/237] Phase: OCR (PaddleOCR)        started
2026-07-21 11:49:01,831 INFO dmef.pipeline [Page 178/237] Phase: OCR (PaddleOCR)        done in 5.02s
2026-07-21 11:49:01,835 INFO dmef.pipeline [Page 178/237] Phase: content triage         started
2026-07-21 11:49:01,835 INFO dmef.pipeline [Page 178/237] Phase: content triage         done in 0.00s
2026-07-21 11:49:01,837 INFO dmef.pipeline [Page 178/237] Phase: classification         started
2026-07-21 11:49:01,845 INFO dmef.pipeline [Page 178/237] Phase: classification         done in 0.01s
2026-07-21 11:49:01,847 INFO dmef.pipeline [Page 178/237] Phase: field extraction       started
2026-07-21 11:49:01,847 INFO dmef.pipeline [Page 178/237] Phase: field extraction       done in 0.00s
2026-07-21 11:49:04,077 INFO dmef.pipeline [Page 178/237] Total page time: 7.27s
2026-07-21 11:49:04,080 INFO dmef.pipeline [Page 179/237] Phase: page load              started
2026-07-21 11:49:04,087 INFO dmef.pipeline [Page 179/237] Phase: page load              done in 0.00s
2026-07-21 11:49:04,087 INFO dmef.pipeline [Page 179/237] Phase: OCR (PaddleOCR)        started
2026-07-21 11:49:25,871 INFO dmef.pipeline [Page 179/237] Phase: OCR (PaddleOCR)        done in 21.78s
2026-07-21 11:49:25,873 INFO dmef.pipeline [Page 179/237] Phase: content triage         started
2026-07-21 11:49:25,873 INFO dmef.pipeline [Page 179/237] Phase: content triage         done in 0.00s
2026-07-21 11:49:25,876 INFO dmef.pipeline [Page 179/237] Phase: classification         started
2026-07-21 11:49:25,898 INFO dmef.pipeline [Page 179/237] Phase: classification         done in 0.02s
2026-07-21 11:49:25,900 INFO dmef.pipeline [Page 179/237] Phase: field extraction       started
2026-07-21 11:49:25,900 INFO dmef.pipeline [Page 179/237] Phase: field extraction       done in 0.00s
2026-07-21 11:49:28,575 INFO dmef.pipeline [Page 179/237] Total page time: 24.49s
2026-07-21 11:49:28,584 INFO dmef.pipeline [Page 180/237] Phase: page load              started
2026-07-21 11:49:28,584 INFO dmef.pipeline [Page 180/237] Phase: page load              done in 0.00s
2026-07-21 11:49:28,584 INFO dmef.pipeline [Page 180/237] Phase: OCR (PaddleOCR)        started
2026-07-21 11:49:39,325 INFO dmef.pipeline [Page 180/237] Phase: OCR (PaddleOCR)        done in 10.74s
2026-07-21 11:49:39,328 INFO dmef.pipeline [Page 180/237] Phase: content triage         started
2026-07-21 11:49:39,328 INFO dmef.pipeline [Page 180/237] Phase: content triage         done in 0.00s
2026-07-21 11:49:39,332 INFO dmef.pipeline [Page 180/237] Phase: classification         started
2026-07-21 11:49:39,343 INFO dmef.pipeline [Page 180/237] Phase: classification         done in 0.01s
2026-07-21 11:49:39,344 INFO dmef.pipeline [Page 180/237] Phase: field extraction       started
2026-07-21 11:49:39,344 INFO dmef.pipeline [Page 180/237] Phase: field extraction       done in 0.00s
2026-07-21 11:49:41,292 INFO dmef.pipeline [Page 180/237] Total page time: 12.71s
2026-07-21 11:49:41,303 INFO dmef.pipeline [Page 181/237] Phase: page load              started
2026-07-21 11:49:41,303 INFO dmef.pipeline [Page 181/237] Phase: page load              done in 0.00s
2026-07-21 11:49:41,303 INFO dmef.pipeline [Page 181/237] Phase: OCR (PaddleOCR)        started
2026-07-21 11:49:54,523 INFO dmef.pipeline [Page 181/237] Phase: OCR (PaddleOCR)        done in 13.22s
2026-07-21 11:49:54,527 INFO dmef.pipeline [Page 181/237] Phase: content triage         started
2026-07-21 11:49:54,527 INFO dmef.pipeline [Page 181/237] Phase: content triage         done in 0.00s
2026-07-21 11:49:54,531 INFO dmef.pipeline [Page 181/237] Phase: classification         started
2026-07-21 11:49:54,547 INFO dmef.pipeline [Page 181/237] Phase: classification         done in 0.02s
2026-07-21 11:49:54,551 INFO dmef.pipeline [Page 181/237] Phase: field extraction       started
2026-07-21 11:49:54,551 INFO dmef.pipeline [Page 181/237] Phase: field extraction       done in 0.01s
2026-07-21 11:49:56,586 INFO dmef.pipeline [Page 181/237] Total page time: 15.29s
2026-07-21 11:49:56,594 INFO dmef.pipeline [Page 182/237] Phase: page load              started
2026-07-21 11:49:56,594 INFO dmef.pipeline [Page 182/237] Phase: page load              done in 0.00s
2026-07-21 11:49:56,594 INFO dmef.pipeline [Page 182/237] Phase: OCR (PaddleOCR)        started
2026-07-21 11:50:30,223 INFO dmef.pipeline [Page 182/237] Phase: OCR (PaddleOCR)        done in 33.62s
2026-07-21 11:50:30,227 INFO dmef.pipeline [Page 182/237] Phase: content triage         started
2026-07-21 11:50:30,227 INFO dmef.pipeline [Page 182/237] Phase: content triage         done in 0.00s
2026-07-21 11:50:30,229 INFO dmef.pipeline [Page 182/237] Phase: classification         started
2026-07-21 11:50:30,263 INFO dmef.pipeline [Page 182/237] Phase: classification         done in 0.03s
2026-07-21 11:50:30,265 INFO dmef.pipeline [Page 182/237] Phase: field extraction       started
2026-07-21 11:50:30,265 INFO dmef.pipeline [Page 182/237] Phase: field extraction       done in 0.00s
2026-07-21 11:50:32,783 INFO dmef.pipeline [Page 182/237] Total page time: 36.19s
2026-07-21 11:50:32,795 INFO dmef.pipeline [Page 183/237] Phase: page load              started
2026-07-21 11:50:32,796 INFO dmef.pipeline [Page 183/237] Phase: page load              done in 0.00s
2026-07-21 11:50:32,796 INFO dmef.pipeline [Page 183/237] Phase: OCR (PaddleOCR)        started
2026-07-21 11:50:38,535 INFO dmef.pipeline [Page 183/237] Phase: OCR (PaddleOCR)        done in 5.74s
2026-07-21 11:50:38,537 INFO dmef.pipeline [Page 183/237] Phase: content triage         started
2026-07-21 11:50:38,537 INFO dmef.pipeline [Page 183/237] Phase: content triage         done in 0.00s
2026-07-21 11:50:38,540 INFO dmef.pipeline [Page 183/237] Phase: classification         started
2026-07-21 11:50:38,547 INFO dmef.pipeline [Page 183/237] Phase: classification         done in 0.01s
2026-07-21 11:50:38,548 INFO dmef.pipeline [Page 183/237] Phase: field extraction       started
2026-07-21 11:50:38,548 INFO dmef.pipeline [Page 183/237] Phase: field extraction       done in 0.00s
2026-07-21 11:50:40,526 INFO dmef.pipeline [Page 183/237] Total page time: 7.73s
2026-07-21 11:50:40,528 INFO dmef.pipeline [Page 184/237] Phase: page load              started
2026-07-21 11:50:40,528 INFO dmef.pipeline [Page 184/237] Phase: page load              done in 0.00s
2026-07-21 11:50:40,528 INFO dmef.pipeline [Page 184/237] Phase: OCR (PaddleOCR)        started
2026-07-21 11:50:46,041 INFO dmef.pipeline [Page 184/237] Phase: OCR (PaddleOCR)        done in 5.50s
2026-07-21 11:50:46,045 INFO dmef.pipeline [Page 184/237] Phase: content triage         started
2026-07-21 11:50:46,045 INFO dmef.pipeline [Page 184/237] Phase: content triage         done in 0.00s
2026-07-21 11:50:46,047 INFO dmef.pipeline [Page 184/237] Phase: classification         started
2026-07-21 11:50:46,058 INFO dmef.pipeline [Page 184/237] Phase: classification         done in 0.01s
2026-07-21 11:50:46,060 INFO dmef.pipeline [Page 184/237] Phase: field extraction       started
2026-07-21 11:50:46,060 INFO dmef.pipeline [Page 184/237] Phase: field extraction       done in 0.00s
2026-07-21 11:50:47,780 INFO dmef.pipeline [Page 184/237] Total page time: 7.25s
2026-07-21 11:50:47,788 INFO dmef.pipeline [Page 185/237] Phase: page load              started
2026-07-21 11:50:47,788 INFO dmef.pipeline [Page 185/237] Phase: page load              done in 0.00s
2026-07-21 11:50:47,791 INFO dmef.pipeline [Page 185/237] Phase: OCR (PaddleOCR)        started
2026-07-21 11:50:53,197 INFO dmef.pipeline [Page 185/237] Phase: OCR (PaddleOCR)        done in 5.42s
2026-07-21 11:50:53,197 INFO dmef.pipeline [Page 185/237] Phase: content triage         started
2026-07-21 11:50:53,197 INFO dmef.pipeline [Page 185/237] Phase: content triage         done in 0.00s
2026-07-21 11:50:53,214 INFO dmef.pipeline [Page 185/237] Phase: classification         started
2026-07-21 11:50:53,218 INFO dmef.pipeline [Page 185/237] Phase: classification         done in 0.00s
2026-07-21 11:50:53,220 INFO dmef.pipeline [Page 185/237] Phase: field extraction       started
2026-07-21 11:50:53,222 INFO dmef.pipeline [Page 185/237] Phase: field extraction       done in 0.00s
2026-07-21 11:50:55,146 INFO dmef.pipeline [Page 185/237] Total page time: 7.36s
2026-07-21 11:50:55,156 INFO dmef.pipeline [Page 186/237] Phase: page load              started
2026-07-21 11:50:55,156 INFO dmef.pipeline [Page 186/237] Phase: page load              done in 0.00s
2026-07-21 11:50:55,156 INFO dmef.pipeline [Page 186/237] Phase: OCR (PaddleOCR)        started
2026-07-21 11:51:06,947 INFO dmef.pipeline [Page 186/237] Phase: OCR (PaddleOCR)        done in 11.79s
2026-07-21 11:51:06,947 INFO dmef.pipeline [Page 186/237] Phase: content triage         started
2026-07-21 11:51:06,947 INFO dmef.pipeline [Page 186/237] Phase: content triage         done in 0.00s
2026-07-21 11:51:06,947 INFO dmef.pipeline [Page 186/237] Phase: classification         started
2026-07-21 11:51:06,965 INFO dmef.pipeline [Page 186/237] Phase: classification         done in 0.01s
2026-07-21 11:51:06,968 INFO dmef.pipeline [Page 186/237] Phase: field extraction       started
2026-07-21 11:51:06,968 INFO dmef.pipeline [Page 186/237] Phase: field extraction       done in 0.00s
2026-07-21 11:51:09,184 INFO dmef.pipeline [Page 186/237] Total page time: 14.03s
2026-07-21 11:51:09,189 INFO dmef.pipeline [Page 187/237] Phase: page load              started
2026-07-21 11:51:09,189 INFO dmef.pipeline [Page 187/237] Phase: page load              done in 0.00s
2026-07-21 11:51:09,189 INFO dmef.pipeline [Page 187/237] Phase: OCR (PaddleOCR)        started
2026-07-21 11:51:39,927 INFO dmef.pipeline [Page 187/237] Phase: OCR (PaddleOCR)        done in 30.73s
2026-07-21 11:51:39,957 INFO dmef.pipeline [Page 187/237] Phase: content triage         started
2026-07-21 11:51:39,957 INFO dmef.pipeline [Page 187/237] Phase: content triage         done in 0.00s
2026-07-21 11:51:39,959 INFO dmef.pipeline [Page 187/237] Phase: classification         started
2026-07-21 11:51:39,989 INFO dmef.pipeline [Page 187/237] Phase: classification         done in 0.03s
2026-07-21 11:51:39,989 INFO dmef.pipeline [Page 187/237] Phase: field extraction       started
INFO:     127.0.0.1:64216 - "GET /health HTTP/1.1" 200 OK
INFO:     127.0.0.1:61571 - "GET /upload/56/progress HTTP/1.1" 200 OK
INFO:     127.0.0.1:61571 - "GET /upload/56/progress HTTP/1.1" 200 OK
INFO:     127.0.0.1:61571 - "GET /upload/56/progress HTTP/1.1" 200 OK
2026-07-21 11:51:46,847 INFO dmef.pipeline [Page 187/237] Phase: field extraction       done in 6.85s
INFO:     127.0.0.1:61571 - "GET /upload/56/progress HTTP/1.1" 200 OK
2026-07-21 11:51:49,379 INFO dmef.pipeline [Page 187/237] Total page time: 40.19s
2026-07-21 11:51:49,393 INFO dmef.pipeline [Page 188/237] Phase: page load              started
2026-07-21 11:51:49,393 INFO dmef.pipeline [Page 188/237] Phase: page load              done in 0.00s
2026-07-21 11:51:49,393 INFO dmef.pipeline [Page 188/237] Phase: OCR (PaddleOCR)        started
INFO:     127.0.0.1:61571 - "GET /upload/56/progress HTTP/1.1" 200 OK
INFO:     127.0.0.1:61571 - "GET /upload/56/progress HTTP/1.1" 200 OK
INFO:     127.0.0.1:51165 - "GET /health HTTP/1.1" 200 OK
INFO:     127.0.0.1:51165 - "GET /upload/56/progress HTTP/1.1" 200 OK
INFO:     127.0.0.1:51165 - "GET /upload/56/progress HTTP/1.1" 200 OK
INFO:     127.0.0.1:51165 - "GET /upload/56/progress HTTP/1.1" 200 OK
INFO:     127.0.0.1:51165 - "GET /upload/56/progress HTTP/1.1" 200 OK
INFO:     127.0.0.1:51165 - "GET /upload/56/progress HTTP/1.1" 200 OK
INFO:     127.0.0.1:61630 - "GET /health HTTP/1.1" 200 OK
INFO:     127.0.0.1:51165 - "GET /upload/56/progress HTTP/1.1" 200 OK
2026-07-21 11:52:14,924 INFO dmef.pipeline [Page 188/237] Phase: OCR (PaddleOCR)        done in 25.53s
2026-07-21 11:52:14,926 INFO dmef.pipeline [Page 188/237] Phase: content triage         started
2026-07-21 11:52:14,926 INFO dmef.pipeline [Page 188/237] Phase: content triage         done in 0.00s
2026-07-21 11:52:14,928 INFO dmef.pipeline [Page 188/237] Phase: classification         started
2026-07-21 11:52:14,947 INFO dmef.pipeline [Page 188/237] Phase: classification         done in 0.02s
2026-07-21 11:52:14,949 INFO dmef.pipeline [Page 188/237] Phase: field extraction       started
2026-07-21 11:52:14,949 INFO dmef.pipeline [Page 188/237] Phase: field extraction       done in 0.00s
INFO:     127.0.0.1:51165 - "GET /upload/56/progress HTTP/1.1" 200 OK
2026-07-21 11:52:18,010 INFO dmef.pipeline [Page 188/237] Total page time: 28.62s
2026-07-21 11:52:18,015 INFO dmef.pipeline [Page 189/237] Phase: page load              started
2026-07-21 11:52:18,021 INFO dmef.pipeline [Page 189/237] Phase: page load              done in 0.00s
2026-07-21 11:52:18,021 INFO dmef.pipeline [Page 189/237] Phase: OCR (PaddleOCR)        started
INFO:     127.0.0.1:51165 - "GET /upload/56/progress HTTP/1.1" 200 OK
2026-07-21 11:52:23,616 INFO dmef.pipeline [Page 189/237] Phase: OCR (PaddleOCR)        done in 5.59s
2026-07-21 11:52:23,620 INFO dmef.pipeline [Page 189/237] Phase: content triage         started
2026-07-21 11:52:23,620 INFO dmef.pipeline [Page 189/237] Phase: content triage         done in 0.00s
INFO:     127.0.0.1:51165 - "GET /upload/56/progress HTTP/1.1" 200 OK
2026-07-21 11:52:23,629 INFO dmef.pipeline [Page 189/237] Phase: classification         started
2026-07-21 11:52:23,636 INFO dmef.pipeline [Page 189/237] Phase: classification         done in 0.01s
2026-07-21 11:52:23,641 INFO dmef.pipeline [Page 189/237] Phase: field extraction       started
2026-07-21 11:52:23,641 INFO dmef.pipeline [Page 189/237] Phase: field extraction       done in 0.00s
2026-07-21 11:52:25,435 INFO dmef.pipeline [Page 189/237] Total page time: 7.42s
2026-07-21 11:52:25,441 INFO dmef.pipeline [Page 190/237] Phase: page load              started
2026-07-21 11:52:25,441 INFO dmef.pipeline [Page 190/237] Phase: page load              done in 0.00s
2026-07-21 11:52:25,441 INFO dmef.pipeline [Page 190/237] Phase: OCR (PaddleOCR)        started
INFO:     127.0.0.1:51165 - "GET /upload/56/progress HTTP/1.1" 200 OK
2026-07-21 11:52:31,281 INFO dmef.pipeline [Page 190/237] Phase: OCR (PaddleOCR)        done in 5.84s
INFO:     127.0.0.1:51165 - "GET /health HTTP/1.1" 200 OK
2026-07-21 11:52:31,283 INFO dmef.pipeline [Page 190/237] Phase: content triage         started
2026-07-21 11:52:31,285 INFO dmef.pipeline [Page 190/237] Phase: content triage         done in 0.00s
2026-07-21 11:52:31,288 INFO dmef.pipeline [Page 190/237] Phase: classification         started
2026-07-21 11:52:31,295 INFO dmef.pipeline [Page 190/237] Phase: classification         done in 0.00s
INFO:     127.0.0.1:61403 - "GET /upload/56/progress HTTP/1.1" 200 OK
2026-07-21 11:52:31,300 INFO dmef.pipeline [Page 190/237] Phase: field extraction       started
2026-07-21 11:52:31,301 INFO dmef.pipeline [Page 190/237] Phase: field extraction       done in 0.00s
2026-07-21 11:52:33,174 INFO dmef.pipeline [Page 190/237] Total page time: 7.73s
2026-07-21 11:52:33,181 INFO dmef.pipeline [Page 191/237] Phase: page load              started
2026-07-21 11:52:33,181 INFO dmef.pipeline [Page 191/237] Phase: page load              done in 0.00s
2026-07-21 11:52:33,181 INFO dmef.pipeline [Page 191/237] Phase: OCR (PaddleOCR)        started
INFO:     127.0.0.1:61403 - "GET /upload/56/progress HTTP/1.1" 200 OK
2026-07-21 11:52:38,457 INFO dmef.pipeline [Page 191/237] Phase: OCR (PaddleOCR)        done in 5.27s
2026-07-21 11:52:38,459 INFO dmef.pipeline [Page 191/237] Phase: content triage         started
2026-07-21 11:52:38,459 INFO dmef.pipeline [Page 191/237] Phase: content triage         done in 0.00s
2026-07-21 11:52:38,459 INFO dmef.pipeline [Page 191/237] Phase: classification         started
2026-07-21 11:52:38,473 INFO dmef.pipeline [Page 191/237] Phase: classification         done in 0.01s
2026-07-21 11:52:38,474 INFO dmef.pipeline [Page 191/237] Phase: field extraction       started
2026-07-21 11:52:38,474 INFO dmef.pipeline [Page 191/237] Phase: field extraction       done in 0.00s
INFO:     127.0.0.1:61403 - "GET /upload/56/progress HTTP/1.1" 200 OK
2026-07-21 11:52:40,507 INFO dmef.pipeline [Page 191/237] Total page time: 7.33s
2026-07-21 11:52:40,519 INFO dmef.pipeline [Page 192/237] Phase: page load              started
2026-07-21 11:52:40,519 INFO dmef.pipeline [Page 192/237] Phase: page load              done in 0.00s
2026-07-21 11:52:40,520 INFO dmef.pipeline [Page 192/237] Phase: OCR (PaddleOCR)        started
INFO:     127.0.0.1:61403 - "GET /upload/56/progress HTTP/1.1" 200 OK
INFO:     127.0.0.1:49152 - "GET /health HTTP/1.1" 200 OK
INFO:     127.0.0.1:61403 - "GET /upload/56/progress HTTP/1.1" 200 OK
INFO:     127.0.0.1:61403 - "GET /upload/56/progress HTTP/1.1" 200 OK
INFO:     127.0.0.1:61403 - "GET /upload/56/progress HTTP/1.1" 200 OK
2026-07-21 11:52:52,612 INFO dmef.pipeline [Page 192/237] Phase: OCR (PaddleOCR)        done in 12.09s
2026-07-21 11:52:52,621 INFO dmef.pipeline [Page 192/237] Phase: content triage         started
2026-07-21 11:52:52,623 INFO dmef.pipeline [Page 192/237] Phase: content triage         done in 0.00s
2026-07-21 11:52:52,625 INFO dmef.pipeline [Page 192/237] Phase: classification         started
2026-07-21 11:52:52,636 INFO dmef.pipeline [Page 192/237] Phase: classification         done in 0.01s
2026-07-21 11:52:52,636 INFO dmef.pipeline [Page 192/237] Phase: field extraction       started
2026-07-21 11:52:52,636 INFO dmef.pipeline [Page 192/237] Phase: field extraction       done in 0.00s
INFO:     127.0.0.1:61403 - "GET /upload/56/progress HTTP/1.1" 200 OK
2026-07-21 11:52:54,781 INFO dmef.pipeline [Page 192/237] Total page time: 14.27s
2026-07-21 11:52:54,793 INFO dmef.pipeline [Page 193/237] Phase: page load              started
2026-07-21 11:52:54,795 INFO dmef.pipeline [Page 193/237] Phase: page load              done in 0.00s
2026-07-21 11:52:54,795 INFO dmef.pipeline [Page 193/237] Phase: OCR (PaddleOCR)        started
INFO:     127.0.0.1:61403 - "GET /upload/56/progress HTTP/1.1" 200 OK
2026-07-21 11:53:00,198 INFO dmef.pipeline [Page 193/237] Phase: OCR (PaddleOCR)        done in 5.40s
2026-07-21 11:53:00,201 INFO dmef.pipeline [Page 193/237] Phase: content triage         started
2026-07-21 11:53:00,201 INFO dmef.pipeline [Page 193/237] Phase: content triage         done in 0.00s
2026-07-21 11:53:00,204 INFO dmef.pipeline [Page 193/237] Phase: classification         started
2026-07-21 11:53:00,210 INFO dmef.pipeline [Page 193/237] Phase: classification         done in 0.00s
2026-07-21 11:53:00,214 INFO dmef.pipeline [Page 193/237] Phase: field extraction       started
2026-07-21 11:53:00,214 INFO dmef.pipeline [Page 193/237] Phase: field extraction       done in 0.00s
INFO:     127.0.0.1:61403 - "GET /health HTTP/1.1" 200 OK
2026-07-21 11:53:02,146 INFO dmef.pipeline [Page 193/237] Total page time: 7.36s
2026-07-21 11:53:02,156 INFO dmef.pipeline [Page 194/237] Phase: page load              started
2026-07-21 11:53:02,156 INFO dmef.pipeline [Page 194/237] Phase: page load              done in 0.00s
2026-07-21 11:53:02,156 INFO dmef.pipeline [Page 194/237] Phase: OCR (PaddleOCR)        started
INFO:     127.0.0.1:61403 - "GET /upload/56/progress HTTP/1.1" 200 OK
INFO:     127.0.0.1:61403 - "GET /upload/56/progress HTTP/1.1" 200 OK
INFO:     127.0.0.1:61403 - "GET /upload/56/progress HTTP/1.1" 200 OK
INFO:     127.0.0.1:50812 - "GET /health HTTP/1.1" 200 OK
INFO:     127.0.0.1:61403 - "GET /upload/56/progress HTTP/1.1" 200 OK
INFO:     127.0.0.1:61403 - "GET /upload/56/progress HTTP/1.1" 200 OK
INFO:     127.0.0.1:61403 - "GET /upload/56/progress HTTP/1.1" 200 OK
INFO:     127.0.0.1:61403 - "GET /upload/56/progress HTTP/1.1" 200 OK
INFO:     127.0.0.1:61403 - "GET /upload/56/progress HTTP/1.1" 200 OK
INFO:     127.0.0.1:61403 - "GET /upload/56/progress HTTP/1.1" 200 OK
INFO:     127.0.0.1:61967 - "GET /health HTTP/1.1" 200 OK
INFO:     127.0.0.1:61403 - "GET /upload/56/progress HTTP/1.1" 200 OK
INFO:     127.0.0.1:61403 - "GET /upload/56/progress HTTP/1.1" 200 OK
INFO:     127.0.0.1:61403 - "GET /upload/56/progress HTTP/1.1" 200 OK
2026-07-21 11:53:39,412 INFO dmef.pipeline [Page 194/237] Phase: OCR (PaddleOCR)        done in 37.26s
2026-07-21 11:53:39,414 INFO dmef.pipeline [Page 194/237] Phase: content triage         started
2026-07-21 11:53:39,414 INFO dmef.pipeline [Page 194/237] Phase: content triage         done in 0.00s
2026-07-21 11:53:39,416 INFO dmef.pipeline [Page 194/237] Phase: classification         started
2026-07-21 11:53:39,447 INFO dmef.pipeline [Page 194/237] Phase: classification         done in 0.03s
2026-07-21 11:53:39,450 INFO dmef.pipeline [Page 194/237] Phase: field extraction       started
2026-07-21 11:53:39,450 INFO dmef.pipeline [Page 194/237] Phase: field extraction       done in 0.00s
INFO:     127.0.0.1:61403 - "GET /upload/56/progress HTTP/1.1" 200 OK
INFO:     127.0.0.1:61403 - "GET /upload/56/progress HTTP/1.1" 200 OK
INFO:     127.0.0.1:61403 - "GET /upload/56/progress HTTP/1.1" 200 OK
INFO:     127.0.0.1:61403 - "GET /health HTTP/1.1" 200 OK
INFO:     127.0.0.1:61403 - "GET /upload/56/progress HTTP/1.1" 200 OK
2026-07-21 11:53:47,966 INFO dmef.pipeline [Page 194/237] Total page time: 45.81s
2026-07-21 11:53:47,976 INFO dmef.pipeline [Page 195/237] Phase: page load              started
2026-07-21 11:53:47,976 INFO dmef.pipeline [Page 195/237] Phase: page load              done in 0.00s
2026-07-21 11:53:47,976 INFO dmef.pipeline [Page 195/237] Phase: OCR (PaddleOCR)        started
INFO:     127.0.0.1:61403 - "GET /upload/56/progress HTTP/1.1" 200 OK
INFO:     127.0.0.1:61403 - "GET /upload/56/progress HTTP/1.1" 200 OK
INFO:     127.0.0.1:61403 - "GET /upload/56/progress HTTP/1.1" 200 OK
INFO:     127.0.0.1:56023 - "GET /health HTTP/1.1" 200 OK
INFO:     127.0.0.1:56023 - "GET /upload/56/progress HTTP/1.1" 200 OK
INFO:     127.0.0.1:56023 - "GET /upload/56/progress HTTP/1.1" 200 OK
INFO:     127.0.0.1:64585 - "GET /health HTTP/1.1" 200 OK
INFO:     127.0.0.1:56023 - "GET /upload/56/progress HTTP/1.1" 200 OK
INFO:     127.0.0.1:56023 - "GET /upload/56/progress HTTP/1.1" 200 OK
INFO:     127.0.0.1:56023 - "GET /upload/56/progress HTTP/1.1" 200 OK
2026-07-21 11:54:31,843 WARNING services.ocr_engine OCR exceeded soft timeout for C:\Users\siddd\Documents\MS-fincap\document-validation-mvp\data\processed\application_56\pages\jernkfg_20260721112540_page_0195.png (hi): 43.7s > 30s
INFO:     127.0.0.1:56023 - "GET /upload/56/progress HTTP/1.1" 200 OK
INFO:     127.0.0.1:56023 - "GET /health HTTP/1.1" 200 OK
INFO:     127.0.0.1:49833 - "GET /upload/56/progress HTTP/1.1" 200 OK
INFO:     127.0.0.1:49833 - "GET /upload/56/progress HTTP/1.1" 200 OK
INFO:     127.0.0.1:49833 - "GET /upload/56/progress HTTP/1.1" 200 OK
INFO:     127.0.0.1:49833 - "GET /upload/56/progress HTTP/1.1" 200 OK
INFO:     127.0.0.1:49833 - "GET /upload/56/progress HTTP/1.1" 200 OK
INFO:     127.0.0.1:49833 - "GET /upload/56/progress HTTP/1.1" 200 OK
INFO:     127.0.0.1:49833 - "GET /health HTTP/1.1" 200 OK
INFO:     127.0.0.1:50213 - "GET /upload/56/progress HTTP/1.1" 200 OK
INFO:     127.0.0.1:60023 - "GET /health HTTP/1.1" 200 OK
INFO:     127.0.0.1:57080 - "GET /upload/56/progress HTTP/1.1" 200 OK
INFO:     127.0.0.1:57080 - "GET /upload/56/progress HTTP/1.1" 200 OK
INFO:     127.0.0.1:57080 - "GET /upload/56/progress HTTP/1.1" 200 OK
INFO:     127.0.0.1:57080 - "GET /upload/56/progress HTTP/1.1" 200 OK
2026-07-21 11:55:13,354 WARNING services.ocr_engine OCR exceeded soft timeout for C:\Users\siddd\Documents\MS-fincap\document-validation-mvp\data\processed\application_56\pages\jernkfg_20260721112540_page_0195.png (en): 41.5s > 30s
2026-07-21 11:55:13,359 INFO dmef.pipeline [Page 195/237] Phase: OCR (PaddleOCR)        done in 85.38s
2026-07-21 11:55:13,359 INFO dmef.pipeline [Page 195/237] Phase: content triage         started
2026-07-21 11:55:13,360 INFO dmef.pipeline [Page 195/237] Phase: content triage         done in 0.00s
2026-07-21 11:55:13,363 INFO dmef.pipeline [Page 195/237] Phase: classification         started
2026-07-21 11:55:13,437 INFO dmef.pipeline [Page 195/237] Phase: classification         done in 0.09s
2026-07-21 11:55:13,455 INFO dmef.pipeline [Page 195/237] Phase: field extraction       started
INFO:     127.0.0.1:57080 - "GET /health HTTP/1.1" 200 OK
INFO:     127.0.0.1:54676 - "GET /upload/56/progress HTTP/1.1" 200 OK
INFO:     127.0.0.1:54676 - "GET /upload/56/progress HTTP/1.1" 200 OK
INFO:     127.0.0.1:54676 - "GET /upload/56/progress HTTP/1.1" 200 OK
2026-07-21 11:55:19,857 INFO dmef.pipeline [Page 195/237] Phase: field extraction       done in 6.40s
INFO:     127.0.0.1:54676 - "GET /upload/56/progress HTTP/1.1" 200 OK
INFO:     127.0.0.1:54676 - "GET /upload/56/progress HTTP/1.1" 200 OK
2026-07-21 11:55:22,861 INFO dmef.pipeline [Page 195/237] Total page time: 94.89s
2026-07-21 11:55:22,871 INFO dmef.pipeline [Page 196/237] Phase: page load              started
2026-07-21 11:55:22,871 INFO dmef.pipeline [Page 196/237] Phase: page load              done in 0.00s
2026-07-21 11:55:22,871 INFO dmef.pipeline [Page 196/237] Phase: content triage         started
2026-07-21 11:55:22,871 INFO dmef.pipeline [Page 196/237] Phase: content triage         done in 0.00s
2026-07-21 11:55:22,875 INFO dmef.pipeline [Page 196/237] Phase: classification         started
2026-07-21 11:55:22,890 INFO dmef.pipeline [Page 196/237] Phase: classification         done in 0.01s
2026-07-21 11:55:22,894 INFO dmef.pipeline [Page 196/237] Phase: field extraction       started
INFO:     127.0.0.1:54676 - "GET /upload/56/progress HTTP/1.1" 200 OK
2026-07-21 11:55:25,584 INFO dmef.pipeline [Page 196/237] Phase: field extraction       done in 2.69s
INFO:     127.0.0.1:54676 - "GET /upload/56/progress HTTP/1.1" 200 OK
2026-07-21 11:55:27,765 INFO dmef.pipeline [Page 196/237] Total page time: 4.90s
2026-07-21 11:55:27,772 INFO dmef.pipeline [Page 197/237] Phase: page load              started
2026-07-21 11:55:27,772 INFO dmef.pipeline [Page 197/237] Phase: page load              done in 0.00s
2026-07-21 11:55:27,772 INFO dmef.pipeline [Page 197/237] Phase: content triage         started
2026-07-21 11:55:27,772 INFO dmef.pipeline [Page 197/237] Phase: content triage         done in 0.00s
2026-07-21 11:55:27,780 INFO dmef.pipeline [Page 197/237] Phase: classification         started
2026-07-21 11:55:27,797 INFO dmef.pipeline [Page 197/237] Phase: classification         done in 0.02s
2026-07-21 11:55:27,800 INFO dmef.pipeline [Page 197/237] Phase: field extraction       started
2026-07-21 11:55:27,800 INFO dmef.pipeline [Page 197/237] Phase: field extraction       done in 0.00s
INFO:     127.0.0.1:54676 - "GET /upload/56/progress HTTP/1.1" 200 OK
INFO:     127.0.0.1:54676 - "GET /health HTTP/1.1" 200 OK
INFO:     127.0.0.1:54676 - "GET /upload/56/progress HTTP/1.1" 200 OK
2026-07-21 11:55:30,109 INFO dmef.pipeline [Page 197/237] Total page time: 2.34s
2026-07-21 11:55:30,117 INFO dmef.pipeline [Page 198/237] Phase: page load              started
2026-07-21 11:55:30,119 INFO dmef.pipeline [Page 198/237] Phase: page load              done in 0.00s
2026-07-21 11:55:30,119 INFO dmef.pipeline [Page 198/237] Phase: content triage         started
2026-07-21 11:55:30,119 INFO dmef.pipeline [Page 198/237] Phase: content triage         done in 0.00s
2026-07-21 11:55:30,119 INFO dmef.pipeline [Page 198/237] Phase: classification         started
2026-07-21 11:55:30,151 INFO dmef.pipeline [Page 198/237] Phase: classification         done in 0.03s
2026-07-21 11:55:30,155 INFO dmef.pipeline [Page 198/237] Phase: field extraction       started
2026-07-21 11:55:30,155 INFO dmef.pipeline [Page 198/237] Phase: field extraction       done in 0.00s
INFO:     127.0.0.1:54676 - "GET /upload/56/progress HTTP/1.1" 200 OK
2026-07-21 11:55:32,860 INFO dmef.pipeline [Page 198/237] Total page time: 2.74s
2026-07-21 11:55:32,869 INFO dmef.pipeline [Page 199/237] Phase: page load              started
2026-07-21 11:55:32,870 INFO dmef.pipeline [Page 199/237] Phase: page load              done in 0.00s
2026-07-21 11:55:32,870 INFO dmef.pipeline [Page 199/237] Phase: OCR (PaddleOCR)        started
INFO:     127.0.0.1:54676 - "GET /upload/56/progress HTTP/1.1" 200 OK
INFO:     127.0.0.1:54676 - "GET /upload/56/progress HTTP/1.1" 200 OK
INFO:     127.0.0.1:54624 - "GET /health HTTP/1.1" 200 OK
INFO:     127.0.0.1:54676 - "GET /upload/56/progress HTTP/1.1" 200 OK
INFO:     127.0.0.1:54676 - "GET /upload/56/progress HTTP/1.1" 200 OK
INFO:     127.0.0.1:54676 - "GET /upload/56/progress HTTP/1.1" 200 OK
INFO:     127.0.0.1:57554 - "GET /health HTTP/1.1" 200 OK
INFO:     127.0.0.1:54249 - "GET /upload/56/progress HTTP/1.1" 200 OK
2026-07-21 11:56:09,199 WARNING services.ocr_engine OCR exceeded soft timeout for C:\Users\siddd\Documents\MS-fincap\document-validation-mvp\data\processed\application_56\pages\jernkfg_20260721112540_page_0199.png (hi): 36.3s > 30s
INFO:     127.0.0.1:54249 - "GET /upload/56/progress HTTP/1.1" 200 OK
INFO:     127.0.0.1:54249 - "GET /upload/56/progress HTTP/1.1" 200 OK
INFO:     127.0.0.1:54249 - "GET /health HTTP/1.1" 200 OK
INFO:     127.0.0.1:55872 - "GET /upload/56/progress HTTP/1.1" 200 OK
INFO:     127.0.0.1:55872 - "GET /upload/56/progress HTTP/1.1" 200 OK
INFO:     127.0.0.1:55872 - "GET /upload/56/progress HTTP/1.1" 200 OK
INFO:     127.0.0.1:55872 - "GET /upload/56/progress HTTP/1.1" 200 OK
INFO:     127.0.0.1:55872 - "GET /upload/56/progress HTTP/1.1" 200 OK
INFO:     127.0.0.1:55872 - "GET /upload/56/progress HTTP/1.1" 200 OK
INFO:     127.0.0.1:55872 - "GET /health HTTP/1.1" 200 OK
INFO:     127.0.0.1:53203 - "GET /upload/56/progress HTTP/1.1" 200 OK
INFO:     127.0.0.1:53203 - "GET /upload/56/progress HTTP/1.1" 200 OK
INFO:     127.0.0.1:50715 - "GET /upload/56/progress HTTP/1.1" 200 OK
INFO:     127.0.0.1:50715 - "GET /upload/56/progress HTTP/1.1" 200 OK
2026-07-21 11:56:47,333 WARNING services.ocr_engine OCR exceeded soft timeout for C:\Users\siddd\Documents\MS-fincap\document-validation-mvp\data\processed\application_56\pages\jernkfg_20260721112540_page_0199.png (en): 38.1s > 30s
2026-07-21 11:56:47,333 INFO dmef.pipeline [Page 199/237] Phase: OCR (PaddleOCR)        done in 74.46s
2026-07-21 11:56:47,333 INFO dmef.pipeline [Page 199/237] Phase: content triage         started
2026-07-21 11:56:47,333 INFO dmef.pipeline [Page 199/237] Phase: content triage         done in 0.00s
2026-07-21 11:56:47,333 INFO dmef.pipeline [Page 199/237] Phase: classification         started
2026-07-21 11:56:47,443 INFO dmef.pipeline [Page 199/237] Phase: classification         done in 0.11s
2026-07-21 11:56:47,443 INFO dmef.pipeline [Page 199/237] Phase: field extraction       started
2026-07-21 11:56:47,443 INFO dmef.pipeline [Page 199/237] Phase: field extraction       done in 0.00s
INFO:     127.0.0.1:50715 - "GET /health HTTP/1.1" 200 OK
INFO:     127.0.0.1:50715 - "GET /upload/56/progress HTTP/1.1" 200 OK
2026-07-21 11:56:50,773 INFO dmef.pipeline [Page 199/237] Total page time: 77.91s
2026-07-21 11:56:50,783 INFO dmef.pipeline [Page 200/237] Phase: page load              started
2026-07-21 11:56:50,783 INFO dmef.pipeline [Page 200/237] Phase: page load              done in 0.00s
2026-07-21 11:56:50,783 INFO dmef.pipeline [Page 200/237] Phase: OCR (PaddleOCR)        started
INFO:     127.0.0.1:50715 - "GET /upload/56/progress HTTP/1.1" 200 OK
INFO:     127.0.0.1:51694 - "GET /upload/56/progress HTTP/1.1" 200 OK
INFO:     127.0.0.1:51694 - "GET /health HTTP/1.1" 200 OK
INFO:     127.0.0.1:55481 - "GET /upload/56/progress HTTP/1.1" 200 OK
INFO:     127.0.0.1:49625 - "GET /review/applications/56 HTTP/1.1" 200 OK
INFO:     127.0.0.1:55641 - "GET /health HTTP/1.1" 200 OK
INFO:     127.0.0.1:49625 - "GET /upload/56/progress HTTP/1.1" 200 OK
INFO:     127.0.0.1:63492 - "GET /review/applications/56 HTTP/1.1" 200 OK
INFO:     127.0.0.1:51715 - "GET /upload/56/progress HTTP/1.1" 200 OK
INFO:     127.0.0.1:64643 - "GET /upload/56/progress HTTP/1.1" 200 OK
INFO:     127.0.0.1:57891 - "GET /health HTTP/1.1" 200 OK
INFO:     127.0.0.1:56910 - "GET /review/applications/56 HTTP/1.1" 200 OK
INFO:     127.0.0.1:61336 - "GET /upload/56/progress HTTP/1.1" 200 OK
2026-07-21 11:57:52,488 ERROR services.ocr_engine OCR failed for C:\Users\siddd\Documents\MS-fincap\document-validation-mvp\data\processed\application_56\pages\jernkfg_20260721112540_page_0200.png (hi)
Traceback (most recent call last):
  File "C:\Users\siddd\Documents\MS-fincap\document-validation-mvp\services\ocr_engine.py", line 261, in _run_paddle_ocr_with_timeout
    return future.result(timeout=hard_timeout)
           ^^^^^^^^^^^^^^^^^^^^^^^^^^^^^^^^^^^
  File "C:\Users\siddd\AppData\Local\Programs\Python\Python311\Lib\concurrent\futures\_base.py", line 458, in result
    raise TimeoutError()
TimeoutError

The above exception was the direct cause of the following exception:

Traceback (most recent call last):
  File "C:\Users\siddd\Documents\MS-fincap\document-validation-mvp\services\ocr_engine.py", line 168, in run_ocr_on_page
    result = _run_paddle_ocr_with_timeout(model, image_path)
             ^^^^^^^^^^^^^^^^^^^^^^^^^^^^^^^^^^^^^^^^^^^^^^^
  File "C:\Users\siddd\Documents\MS-fincap\document-validation-mvp\services\ocr_engine.py", line 264, in _run_paddle_ocr_with_timeout
    raise TimeoutError(f"OCR exceeded hard timeout of {hard_timeout}s") from exc
TimeoutError: OCR exceeded hard timeout of 60s
INFO:     127.0.0.1:58503 - "GET /upload/56/progress HTTP/1.1" 200 OK
INFO:     127.0.0.1:57267 - "GET /review/applications/56 HTTP/1.1" 200 OK
INFO:     127.0.0.1:57267 - "GET /upload/56/progress HTTP/1.1" 200 OK
INFO:     127.0.0.1:58503 - "GET /review/applications/56 HTTP/1.1" 200 OK
INFO:     127.0.0.1:54055 - "GET /health HTTP/1.1" 200 OK
INFO:     127.0.0.1:54055 - "GET /upload/56/progress HTTP/1.1" 200 OK
INFO:     127.0.0.1:58503 - "GET /review/applications/56 HTTP/1.1" 200 OK
INFO:     127.0.0.1:58503 - "GET /upload/56/progress HTTP/1.1" 200 OK
INFO:     127.0.0.1:54055 - "GET /review/applications/56 HTTP/1.1" 200 OK
INFO:     127.0.0.1:54055 - "GET /upload/56/progress HTTP/1.1" 200 OK
INFO:     127.0.0.1:58503 - "GET /review/applications/56 HTTP/1.1" 200 OK
INFO:     127.0.0.1:58645 - "GET /health HTTP/1.1" 200 OK
INFO:     127.0.0.1:64082 - "GET /upload/56/progress HTTP/1.1" 200 OK
INFO:     127.0.0.1:61727 - "GET /review/applications/56 HTTP/1.1" 200 OK
INFO:     127.0.0.1:60983 - "GET /upload/56/progress HTTP/1.1" 200 OK
INFO:     127.0.0.1:65322 - "GET /review/applications/56 HTTP/1.1" 200 OK
INFO:     127.0.0.1:51626 - "GET /upload/56/progress HTTP/1.1" 200 OK
INFO:     127.0.0.1:52322 - "GET /review/applications/56 HTTP/1.1" 200 OK
INFO:     127.0.0.1:52288 - "GET /health HTTP/1.1" 200 OK
INFO:     127.0.0.1:61159 - "GET /upload/56/progress HTTP/1.1" 200 OK
INFO:     127.0.0.1:60617 - "GET /review/applications/56 HTTP/1.1" 200 OK
INFO:     127.0.0.1:64959 - "GET /review/activity/today HTTP/1.1" 200 OK
INFO:     127.0.0.1:51882 - "GET /review/worklist HTTP/1.1" 200 OK
2026-07-21 11:58:53,220 ERROR services.ocr_engine OCR failed for C:\Users\siddd\Documents\MS-fincap\document-validation-mvp\data\processed\application_56\pages\jernkfg_20260721112540_page_0200.png (en)
Traceback (most recent call last):
  File "C:\Users\siddd\Documents\MS-fincap\document-validation-mvp\services\ocr_engine.py", line 261, in _run_paddle_ocr_with_timeout
    return future.result(timeout=hard_timeout)
           ^^^^^^^^^^^^^^^^^^^^^^^^^^^^^^^^^^^
  File "C:\Users\siddd\AppData\Local\Programs\Python\Python311\Lib\concurrent\futures\_base.py", line 458, in result
    raise TimeoutError()
TimeoutError

The above exception was the direct cause of the following exception:

Traceback (most recent call last):
  File "C:\Users\siddd\Documents\MS-fincap\document-validation-mvp\services\ocr_engine.py", line 168, in run_ocr_on_page
    result = _run_paddle_ocr_with_timeout(model, image_path)
             ^^^^^^^^^^^^^^^^^^^^^^^^^^^^^^^^^^^^^^^^^^^^^^^
  File "C:\Users\siddd\Documents\MS-fincap\document-validation-mvp\services\ocr_engine.py", line 264, in _run_paddle_ocr_with_timeout
    raise TimeoutError(f"OCR exceeded hard timeout of {hard_timeout}s") from exc
TimeoutError: OCR exceeded hard timeout of 60s
2026-07-21 11:58:53,252 INFO dmef.pipeline [Page 200/237] Phase: OCR (PaddleOCR)        done in 122.47s
INFO:     127.0.0.1:60882 - "GET /health HTTP/1.1" 200 OK
2026-07-21 11:58:53,254 INFO dmef.pipeline [Page 200/237] Phase: content triage         started
2026-07-21 11:58:53,255 INFO dmef.pipeline [Page 200/237] Phase: content triage         done in 0.00s
2026-07-21 11:58:53,255 INFO dmef.pipeline [Page 200/237] Total page time: 122.47s
INFO:     127.0.0.1:61305 - "GET /review/activity/today HTTP/1.1" 200 OK
2026-07-21 11:58:53,265 INFO dmef.pipeline [Page 201/237] Phase: page load              started
2026-07-21 11:58:53,266 INFO dmef.pipeline [Page 201/237] Phase: page load              done in 0.00s
2026-07-21 11:58:53,266 INFO dmef.pipeline [Page 201/237] Phase: OCR (PaddleOCR)        started
INFO:     127.0.0.1:53647 - "GET /upload/56/progress HTTP/1.1" 200 OK
INFO:     127.0.0.1:65318 - "GET /review/applications/56 HTTP/1.1" 200 OK
INFO:     127.0.0.1:56297 - "GET /review/worklist HTTP/1.1" 200 OK
INFO:     127.0.0.1:56297 - "GET /health HTTP/1.1" 200 OK
INFO:     127.0.0.1:64578 - "GET /health HTTP/1.1" 200 OK
2026-07-21 11:59:43,175 WARNING services.ocr_engine OCR exceeded soft timeout for C:\Users\siddd\Documents\MS-fincap\document-validation-mvp\data\processed\application_56\pages\jernkfg_20260721112540_page_0201.png (hi): 49.8s > 30s
INFO:     127.0.0.1:60011 - "GET /health HTTP/1.1" 200 OK
INFO:     127.0.0.1:54292 - "GET /health HTTP/1.1" 200 OK
INFO:     127.0.0.1:63740 - "GET /health HTTP/1.1" 200 OK
2026-07-21 12:00:26,153 WARNING services.ocr_engine OCR exceeded soft timeout for C:\Users\siddd\Documents\MS-fincap\document-validation-mvp\data\processed\application_56\pages\jernkfg_20260721112540_page_0201.png (en): 43.0s > 30s
2026-07-21 12:00:26,153 INFO dmef.pipeline [Page 201/237] Phase: OCR (PaddleOCR)        done in 92.90s
2026-07-21 12:00:26,153 INFO dmef.pipeline [Page 201/237] Phase: content triage         started
2026-07-21 12:00:26,153 INFO dmef.pipeline [Page 201/237] Phase: content triage         done in 0.00s
2026-07-21 12:00:26,169 INFO dmef.pipeline [Page 201/237] Phase: classification         started
2026-07-21 12:00:26,275 INFO dmef.pipeline [Page 201/237] Phase: classification         done in 0.11s
2026-07-21 12:00:26,280 INFO dmef.pipeline [Page 201/237] Phase: field extraction       started
2026-07-21 12:00:26,280 INFO dmef.pipeline [Page 201/237] Phase: field extraction       done in 0.00s
2026-07-21 12:00:29,007 INFO dmef.pipeline [Page 201/237] Total page time: 95.75s
2026-07-21 12:00:29,016 INFO dmef.pipeline [Page 202/237] Phase: page load              started
2026-07-21 12:00:29,018 INFO dmef.pipeline [Page 202/237] Phase: page load              done in 0.00s
2026-07-21 12:00:29,018 INFO dmef.pipeline [Page 202/237] Phase: OCR (PaddleOCR)        started
INFO:     127.0.0.1:64458 - "GET /health HTTP/1.1" 200 OK
INFO:     127.0.0.1:56474 - "GET /health HTTP/1.1" 200 OK
INFO:     127.0.0.1:50240 - "GET /upload/56/progress HTTP/1.1" 200 OK
2026-07-21 12:01:03,970 WARNING services.ocr_engine OCR exceeded soft timeout for C:\Users\siddd\Documents\MS-fincap\document-validation-mvp\data\processed\application_56\pages\jernkfg_20260721112540_page_0202.png (hi): 34.9s > 30s
INFO:     127.0.0.1:60416 - "GET /health HTTP/1.1" 200 OK
INFO:     127.0.0.1:50099 - "GET /review/applications/56 HTTP/1.1" 200 OK
INFO:     127.0.0.1:56474 - "GET /review/worklist HTTP/1.1" 200 OK
INFO:     127.0.0.1:56474 - "GET /upload/56/progress HTTP/1.1" 200 OK
INFO:     127.0.0.1:50099 - "GET /review/applications/56 HTTP/1.1" 200 OK
INFO:     127.0.0.1:50099 - "GET /upload/56/progress HTTP/1.1" 200 OK
INFO:     127.0.0.1:56474 - "GET /review/applications/56 HTTP/1.1" 200 OK
INFO:     127.0.0.1:56474 - "GET /upload/56/progress HTTP/1.1" 200 OK
INFO:     127.0.0.1:50099 - "GET /review/applications/56 HTTP/1.1" 200 OK
INFO:     127.0.0.1:56474 - "GET /upload/56/progress HTTP/1.1" 200 OK
INFO:     127.0.0.1:49526 - "GET /health HTTP/1.1" 200 OK
INFO:     127.0.0.1:56474 - "GET /review/applications/56 HTTP/1.1" 200 OK
INFO:     127.0.0.1:50099 - "GET /upload/56/progress HTTP/1.1" 200 OK
INFO:     127.0.0.1:56474 - "GET /upload/56/progress HTTP/1.1" 200 OK
INFO:     127.0.0.1:50099 - "GET /review/applications/56 HTTP/1.1" 200 OK
INFO:     127.0.0.1:56474 - "GET /upload/56/progress HTTP/1.1" 200 OK
INFO:     127.0.0.1:50099 - "GET /upload/56/progress HTTP/1.1" 200 OK
INFO:     127.0.0.1:56474 - "GET /review/applications/56 HTTP/1.1" 200 OK
INFO:     127.0.0.1:60446 - "GET /upload/56/progress HTTP/1.1" 200 OK
INFO:     127.0.0.1:58770 - "GET /review/applications/56 HTTP/1.1" 200 OK
INFO:     127.0.0.1:58341 - "GET /health HTTP/1.1" 200 OK
INFO:     127.0.0.1:51464 - "GET /upload/56/progress HTTP/1.1" 200 OK
INFO:     127.0.0.1:60049 - "GET /review/applications/56 HTTP/1.1" 200 OK
2026-07-21 12:01:41,089 WARNING services.ocr_engine OCR exceeded soft timeout for C:\Users\siddd\Documents\MS-fincap\document-validation-mvp\data\processed\application_56\pages\jernkfg_20260721112540_page_0202.png (en): 37.1s > 30s
2026-07-21 12:01:41,089 INFO dmef.pipeline [Page 202/237] Phase: OCR (PaddleOCR)        done in 72.09s
2026-07-21 12:01:41,105 INFO dmef.pipeline [Page 202/237] Phase: content triage         started
2026-07-21 12:01:41,105 INFO dmef.pipeline [Page 202/237] Phase: content triage         done in 0.00s
2026-07-21 12:01:41,105 INFO dmef.pipeline [Page 202/237] Phase: classification         started
2026-07-21 12:01:41,232 INFO dmef.pipeline [Page 202/237] Phase: classification         done in 0.13s
2026-07-21 12:01:41,232 INFO dmef.pipeline [Page 202/237] Phase: field extraction       started
2026-07-21 12:01:41,232 INFO dmef.pipeline [Page 202/237] Phase: field extraction       done in 0.00s
INFO:     127.0.0.1:60049 - "GET /upload/56/progress HTTP/1.1" 200 OK
INFO:     127.0.0.1:51464 - "GET /review/applications/56 HTTP/1.1" 200 OK
2026-07-21 12:01:43,844 INFO dmef.pipeline [Page 202/237] Total page time: 74.83s
2026-07-21 12:01:43,850 INFO dmef.pipeline [Page 203/237] Phase: page load              started
2026-07-21 12:01:43,850 INFO dmef.pipeline [Page 203/237] Phase: page load              done in 0.00s
2026-07-21 12:01:43,855 INFO dmef.pipeline [Page 203/237] Phase: OCR (PaddleOCR)        started
INFO:     127.0.0.1:51464 - "GET /upload/56/progress HTTP/1.1" 200 OK
INFO:     127.0.0.1:60049 - "GET /review/applications/56 HTTP/1.1" 200 OK
INFO:     127.0.0.1:60049 - "GET /upload/56/progress HTTP/1.1" 200 OK
INFO:     127.0.0.1:54393 - "GET /health HTTP/1.1" 200 OK
INFO:     127.0.0.1:51464 - "GET /review/applications/56 HTTP/1.1" 200 OK
INFO:     127.0.0.1:51464 - "GET /upload/56/progress HTTP/1.1" 200 OK
INFO:     127.0.0.1:54393 - "GET /review/applications/56 HTTP/1.1" 200 OK
INFO:     127.0.0.1:54393 - "GET /upload/56/progress HTTP/1.1" 200 OK
INFO:     127.0.0.1:51464 - "GET /review/applications/56 HTTP/1.1" 200 OK
INFO:     127.0.0.1:51464 - "GET /health HTTP/1.1" 200 OK
INFO:     127.0.0.1:54393 - "GET /upload/56/progress HTTP/1.1" 200 OK
INFO:     127.0.0.1:51600 - "GET /review/applications/56 HTTP/1.1" 200 OK
INFO:     127.0.0.1:51600 - "GET /upload/56/progress HTTP/1.1" 200 OK
INFO:     127.0.0.1:54393 - "GET /review/applications/56 HTTP/1.1" 200 OK
INFO:     127.0.0.1:51600 - "GET /upload/56/progress HTTP/1.1" 200 OK
INFO:     127.0.0.1:51600 - "GET /review/applications/56 HTTP/1.1" 200 OK
INFO:     127.0.0.1:54393 - "GET /upload/56/progress HTTP/1.1" 200 OK
INFO:     127.0.0.1:54393 - "GET /review/applications/56 HTTP/1.1" 200 OK
INFO:     127.0.0.1:51600 - "GET /upload/56/progress HTTP/1.1" 200 OK
INFO:     127.0.0.1:54393 - "GET /health HTTP/1.1" 200 OK
INFO:     127.0.0.1:54393 - "GET /review/applications/56 HTTP/1.1" 200 OK
INFO:     127.0.0.1:51600 - "GET /upload/56/progress HTTP/1.1" 200 OK
INFO:     127.0.0.1:55376 - "GET /upload/56/progress HTTP/1.1" 200 OK
INFO:     127.0.0.1:63410 - "GET /review/applications/56 HTTP/1.1" 200 OK
2026-07-21 12:02:42,605 WARNING services.ocr_engine OCR exceeded soft timeout for C:\Users\siddd\Documents\MS-fincap\document-validation-mvp\data\processed\application_56\pages\jernkfg_20260721112540_page_0203.png (en): 30.9s > 30s
2026-07-21 12:02:42,605 INFO dmef.pipeline [Page 203/237] Phase: OCR (PaddleOCR)        done in 58.75s
2026-07-21 12:02:42,605 INFO dmef.pipeline [Page 203/237] Phase: content triage         started
2026-07-21 12:02:42,605 INFO dmef.pipeline [Page 203/237] Phase: content triage         done in 0.00s
2026-07-21 12:02:42,605 INFO dmef.pipeline [Page 203/237] Phase: classification         started
2026-07-21 12:02:42,690 INFO dmef.pipeline [Page 203/237] Phase: classification         done in 0.08s
2026-07-21 12:02:42,690 INFO dmef.pipeline [Page 203/237] Phase: field extraction       started
2026-07-21 12:02:42,690 INFO dmef.pipeline [Page 203/237] Phase: field extraction       done in 0.00s
INFO:     127.0.0.1:63410 - "GET /upload/56/progress HTTP/1.1" 200 OK
INFO:     127.0.0.1:55376 - "GET /review/applications/56 HTTP/1.1" 200 OK
2026-07-21 12:02:45,577 INFO dmef.pipeline [Page 203/237] Total page time: 61.73s
2026-07-21 12:02:45,585 INFO dmef.pipeline [Page 204/237] Phase: page load              started
2026-07-21 12:02:45,587 INFO dmef.pipeline [Page 204/237] Phase: page load              done in 0.00s
2026-07-21 12:02:45,587 INFO dmef.pipeline [Page 204/237] Phase: OCR (PaddleOCR)        started
INFO:     127.0.0.1:55376 - "GET /health HTTP/1.1" 200 OK
INFO:     127.0.0.1:63410 - "GET /upload/56/progress HTTP/1.1" 200 OK
INFO:     127.0.0.1:55687 - "GET /review/applications/56 HTTP/1.1" 200 OK
INFO:     127.0.0.1:63410 - "GET /upload/56/progress HTTP/1.1" 200 OK
INFO:     127.0.0.1:55687 - "GET /upload/56/progress HTTP/1.1" 200 OK
INFO:     127.0.0.1:63410 - "GET /review/applications/56 HTTP/1.1" 200 OK
INFO:     127.0.0.1:63410 - "GET /upload/56/progress HTTP/1.1" 200 OK
INFO:     127.0.0.1:55687 - "GET /review/applications/56 HTTP/1.1" 200 OK
INFO:     127.0.0.1:62362 - "GET /health HTTP/1.1" 200 OK
INFO:     127.0.0.1:55687 - "GET /upload/56/progress HTTP/1.1" 200 OK
2026-07-21 12:03:03,201 INFO dmef.pipeline [Page 204/237] Phase: OCR (PaddleOCR)        done in 17.61s
2026-07-21 12:03:03,201 INFO dmef.pipeline [Page 204/237] Phase: content triage         started
2026-07-21 12:03:03,201 INFO dmef.pipeline [Page 204/237] Phase: content triage         done in 0.00s
2026-07-21 12:03:03,207 INFO dmef.pipeline [Page 204/237] Phase: classification         started
2026-07-21 12:03:03,214 INFO dmef.pipeline [Page 204/237] Phase: classification         done in 0.02s
INFO:     127.0.0.1:63410 - "GET /review/applications/56 HTTP/1.1" 200 OK
2026-07-21 12:03:03,230 INFO dmef.pipeline [Page 204/237] Phase: field extraction       started
2026-07-21 12:03:03,230 INFO dmef.pipeline [Page 204/237] Phase: field extraction       done in 0.00s
2026-07-21 12:03:05,811 INFO dmef.pipeline [Page 204/237] Total page time: 20.23s
2026-07-21 12:03:05,821 INFO dmef.pipeline [Page 205/237] Phase: page load              started
2026-07-21 12:03:05,829 INFO dmef.pipeline [Page 205/237] Phase: page load              done in 0.00s
2026-07-21 12:03:05,829 INFO dmef.pipeline [Page 205/237] Phase: content triage         started
2026-07-21 12:03:05,829 INFO dmef.pipeline [Page 205/237] Phase: content triage         done in 0.00s
2026-07-21 12:03:05,835 INFO dmef.pipeline [Page 205/237] Phase: classification         started
2026-07-21 12:03:05,859 INFO dmef.pipeline [Page 205/237] Phase: classification         done in 0.02s
2026-07-21 12:03:05,864 INFO dmef.pipeline [Page 205/237] Phase: field extraction       started
2026-07-21 12:03:05,864 INFO dmef.pipeline [Page 205/237] Phase: field extraction       done in 0.00s
2026-07-21 12:03:08,199 INFO dmef.pipeline [Page 205/237] Total page time: 2.38s
2026-07-21 12:03:08,208 INFO dmef.pipeline [Page 206/237] Phase: page load              started
2026-07-21 12:03:08,208 INFO dmef.pipeline [Page 206/237] Phase: page load              done in 0.00s
2026-07-21 12:03:08,208 INFO dmef.pipeline [Page 206/237] Phase: OCR (PaddleOCR)        started
INFO:     127.0.0.1:52569 - "GET /health HTTP/1.1" 200 OK
INFO:     127.0.0.1:62402 - "GET /review/applications/56 HTTP/1.1" 200 OK
INFO:     127.0.0.1:56906 - "GET /upload/56/progress HTTP/1.1" 200 OK
INFO:     127.0.0.1:62402 - "GET /review/applications/56 HTTP/1.1" 200 OK
INFO:     127.0.0.1:56906 - "GET /review/applications/56 HTTP/1.1" 200 OK
INFO:     127.0.0.1:62402 - "GET /upload/56/progress HTTP/1.1" 200 OK
INFO:     127.0.0.1:56906 - "GET /upload/56/progress HTTP/1.1" 200 OK
INFO:     127.0.0.1:62402 - "GET /review/applications/56 HTTP/1.1" 200 OK
2026-07-21 12:03:24,529 INFO dmef.pipeline [Page 206/237] Phase: OCR (PaddleOCR)        done in 16.32s
2026-07-21 12:03:24,531 INFO dmef.pipeline [Page 206/237] Phase: content triage         started
2026-07-21 12:03:24,531 INFO dmef.pipeline [Page 206/237] Phase: content triage         done in 0.00s
2026-07-21 12:03:24,533 INFO dmef.pipeline [Page 206/237] Phase: classification         started
2026-07-21 12:03:24,540 INFO dmef.pipeline [Page 206/237] Phase: classification         done in 0.01s
2026-07-21 12:03:24,542 INFO dmef.pipeline [Page 206/237] Phase: field extraction       started
2026-07-21 12:03:24,542 INFO dmef.pipeline [Page 206/237] Phase: field extraction       done in 0.00s
INFO:     127.0.0.1:62402 - "GET /upload/56/progress HTTP/1.1" 200 OK
INFO:     127.0.0.1:56906 - "GET /review/applications/56 HTTP/1.1" 200 OK
INFO:     127.0.0.1:56906 - "GET /health HTTP/1.1" 200 OK
2026-07-21 12:03:26,974 INFO dmef.pipeline [Page 206/237] Total page time: 18.77s
2026-07-21 12:03:26,983 INFO dmef.pipeline [Page 207/237] Phase: page load              started
2026-07-21 12:03:26,985 INFO dmef.pipeline [Page 207/237] Phase: page load              done in 0.00s
2026-07-21 12:03:26,985 INFO dmef.pipeline [Page 207/237] Phase: OCR (PaddleOCR)        started
INFO:     127.0.0.1:56906 - "GET /upload/56/progress HTTP/1.1" 200 OK
INFO:     127.0.0.1:62402 - "GET /review/applications/56 HTTP/1.1" 200 OK
INFO:     127.0.0.1:62402 - "GET /upload/56/progress HTTP/1.1" 200 OK
INFO:     127.0.0.1:56906 - "GET /review/applications/56 HTTP/1.1" 200 OK
INFO:     127.0.0.1:62402 - "GET /upload/56/progress HTTP/1.1" 200 OK
INFO:     127.0.0.1:56906 - "GET /health HTTP/1.1" 200 OK
INFO:     127.0.0.1:53183 - "GET /review/applications/56 HTTP/1.1" 200 OK
INFO:     127.0.0.1:56906 - "GET /upload/56/progress HTTP/1.1" 200 OK
INFO:     127.0.0.1:53183 - "GET /upload/56/progress HTTP/1.1" 200 OK
INFO:     127.0.0.1:56906 - "GET /review/applications/56 HTTP/1.1" 200 OK
INFO:     127.0.0.1:56906 - "GET /upload/56/progress HTTP/1.1" 200 OK
INFO:     127.0.0.1:53183 - "GET /review/applications/56 HTTP/1.1" 200 OK
INFO:     127.0.0.1:53183 - "GET /upload/56/progress HTTP/1.1" 200 OK
INFO:     127.0.0.1:53183 - "GET /review/applications/56 HTTP/1.1" 200 OK
INFO:     127.0.0.1:56906 - "GET /upload/56/progress HTTP/1.1" 200 OK
INFO:     127.0.0.1:56906 - "GET /health HTTP/1.1" 200 OK
INFO:     127.0.0.1:53183 - "GET /review/applications/56 HTTP/1.1" 200 OK
INFO:     127.0.0.1:53494 - "GET /upload/56/progress HTTP/1.1" 200 OK
INFO:     127.0.0.1:53183 - "GET /upload/56/progress HTTP/1.1" 200 OK
INFO:     127.0.0.1:53494 - "GET /review/applications/56 HTTP/1.1" 200 OK
INFO:     127.0.0.1:53494 - "GET /upload/56/progress HTTP/1.1" 200 OK
2026-07-21 12:04:10,141 INFO dmef.pipeline [Page 207/237] Phase: OCR (PaddleOCR)        done in 43.16s
2026-07-21 12:04:10,143 INFO dmef.pipeline [Page 207/237] Phase: content triage         started
2026-07-21 12:04:10,143 INFO dmef.pipeline [Page 207/237] Phase: content triage         done in 0.00s
INFO:     127.0.0.1:53183 - "GET /review/applications/56 HTTP/1.1" 200 OK
2026-07-21 12:04:10,151 INFO dmef.pipeline [Page 207/237] Phase: classification         started
2026-07-21 12:04:10,193 INFO dmef.pipeline [Page 207/237] Phase: classification         done in 0.04s
2026-07-21 12:04:10,196 INFO dmef.pipeline [Page 207/237] Phase: field extraction       started
2026-07-21 12:04:10,196 INFO dmef.pipeline [Page 207/237] Phase: field extraction       done in 0.00s
INFO:     127.0.0.1:53183 - "GET /upload/56/progress HTTP/1.1" 200 OK
INFO:     127.0.0.1:53183 - "GET /review/applications/56 HTTP/1.1" 200 OK
2026-07-21 12:04:13,760 INFO dmef.pipeline [Page 207/237] Total page time: 46.78s
2026-07-21 12:04:13,770 INFO dmef.pipeline [Page 208/237] Phase: page load              started
2026-07-21 12:04:13,770 INFO dmef.pipeline [Page 208/237] Phase: page load              done in 0.00s
2026-07-21 12:04:13,770 INFO dmef.pipeline [Page 208/237] Phase: OCR (PaddleOCR)        started
INFO:     127.0.0.1:53183 - "GET /upload/56/progress HTTP/1.1" 200 OK
INFO:     127.0.0.1:60050 - "GET /review/applications/56 HTTP/1.1" 200 OK
INFO:     127.0.0.1:60050 - "GET /health HTTP/1.1" 200 OK
INFO:     127.0.0.1:53183 - "GET /upload/56/progress HTTP/1.1" 200 OK
INFO:     127.0.0.1:51103 - "GET /review/applications/56 HTTP/1.1" 200 OK
INFO:     127.0.0.1:51103 - "GET /upload/56/progress HTTP/1.1" 200 OK
INFO:     127.0.0.1:53183 - "GET /review/applications/56 HTTP/1.1" 200 OK
INFO:     127.0.0.1:53183 - "GET /upload/56/progress HTTP/1.1" 200 OK
INFO:     127.0.0.1:51103 - "GET /review/applications/56 HTTP/1.1" 200 OK
INFO:     127.0.0.1:51103 - "GET /upload/56/progress HTTP/1.1" 200 OK
2026-07-21 12:04:32,668 INFO dmef.pipeline [Page 208/237] Phase: OCR (PaddleOCR)        done in 18.90s
INFO:     127.0.0.1:53183 - "GET /review/applications/56 HTTP/1.1" 200 OK
2026-07-21 12:04:32,672 INFO dmef.pipeline [Page 208/237] Phase: content triage         started
2026-07-21 12:04:32,672 INFO dmef.pipeline [Page 208/237] Phase: content triage         done in 0.00s
2026-07-21 12:04:32,675 INFO dmef.pipeline [Page 208/237] Phase: classification         started
2026-07-21 12:04:32,692 INFO dmef.pipeline [Page 208/237] Phase: classification         done in 0.02s
2026-07-21 12:04:32,696 INFO dmef.pipeline [Page 208/237] Phase: field extraction       started
INFO:     127.0.0.1:53183 - "GET /health HTTP/1.1" 200 OK
INFO:     127.0.0.1:53183 - "GET /upload/56/progress HTTP/1.1" 200 OK
INFO:     127.0.0.1:51103 - "GET /review/applications/56 HTTP/1.1" 200 OK
2026-07-21 12:04:35,492 INFO dmef.pipeline [Page 208/237] Phase: field extraction       done in 2.79s
INFO:     127.0.0.1:51103 - "GET /upload/56/progress HTTP/1.1" 200 OK
INFO:     127.0.0.1:53183 - "GET /review/applications/56 HTTP/1.1" 200 OK
2026-07-21 12:04:37,508 INFO dmef.pipeline [Page 208/237] Total page time: 23.74s
2026-07-21 12:04:37,515 INFO dmef.pipeline [Page 209/237] Phase: page load              started
2026-07-21 12:04:37,515 INFO dmef.pipeline [Page 209/237] Phase: page load              done in 0.00s
2026-07-21 12:04:37,515 INFO dmef.pipeline [Page 209/237] Phase: OCR (PaddleOCR)        started
INFO:     127.0.0.1:53183 - "GET /upload/56/progress HTTP/1.1" 200 OK
INFO:     127.0.0.1:51103 - "GET /review/applications/56 HTTP/1.1" 200 OK
INFO:     127.0.0.1:53183 - "GET /upload/56/progress HTTP/1.1" 200 OK
INFO:     127.0.0.1:53183 - "GET /health HTTP/1.1" 200 OK
INFO:     127.0.0.1:62493 - "GET /upload/56/progress HTTP/1.1" 200 OK
INFO:     127.0.0.1:63779 - "GET /review/applications/56 HTTP/1.1" 200 OK
INFO:     127.0.0.1:63779 - "GET /upload/56/progress HTTP/1.1" 200 OK
INFO:     127.0.0.1:62493 - "GET /review/applications/56 HTTP/1.1" 200 OK
INFO:     127.0.0.1:62493 - "GET /upload/56/progress HTTP/1.1" 200 OK
INFO:     127.0.0.1:63779 - "GET /review/applications/56 HTTP/1.1" 200 OK
INFO:     127.0.0.1:62493 - "GET /review/applications/56 HTTP/1.1" 200 OK
INFO:     127.0.0.1:59231 - "GET /health HTTP/1.1" 200 OK
INFO:     127.0.0.1:63779 - "GET /upload/56/progress HTTP/1.1" 200 OK
INFO:     127.0.0.1:62493 - "GET /review/applications/56 HTTP/1.1" 200 OK
2026-07-21 12:05:08,381 INFO dmef.pipeline [Page 209/237] Phase: OCR (PaddleOCR)        done in 30.86s
2026-07-21 12:05:08,381 INFO dmef.pipeline [Page 209/237] Phase: content triage         started
2026-07-21 12:05:08,381 INFO dmef.pipeline [Page 209/237] Phase: content triage         done in 0.00s
2026-07-21 12:05:08,387 INFO dmef.pipeline [Page 209/237] Phase: classification         started
2026-07-21 12:05:08,422 INFO dmef.pipeline [Page 209/237] Phase: classification         done in 0.03s
2026-07-21 12:05:08,426 INFO dmef.pipeline [Page 209/237] Phase: field extraction       started
2026-07-21 12:05:08,426 INFO dmef.pipeline [Page 209/237] Phase: field extraction       done in 0.00s
2026-07-21 12:05:11,167 INFO dmef.pipeline [Page 209/237] Total page time: 33.65s
2026-07-21 12:05:11,176 INFO dmef.pipeline [Page 210/237] Phase: page load              started
2026-07-21 12:05:11,177 INFO dmef.pipeline [Page 210/237] Phase: page load              done in 0.00s
2026-07-21 12:05:11,177 INFO dmef.pipeline [Page 210/237] Phase: OCR (PaddleOCR)        started
2026-07-21 12:05:47,298 INFO dmef.pipeline [Page 210/237] Phase: OCR (PaddleOCR)        done in 36.12s
2026-07-21 12:05:47,303 INFO dmef.pipeline [Page 210/237] Phase: content triage         started
2026-07-21 12:05:47,303 INFO dmef.pipeline [Page 210/237] Phase: content triage         done in 0.00s
2026-07-21 12:05:47,306 INFO dmef.pipeline [Page 210/237] Phase: classification         started
2026-07-21 12:05:47,353 INFO dmef.pipeline [Page 210/237] Phase: classification         done in 0.05s
2026-07-21 12:05:47,356 INFO dmef.pipeline [Page 210/237] Phase: field extraction       started
2026-07-21 12:05:47,356 INFO dmef.pipeline [Page 210/237] Phase: field extraction       done in 0.00s
2026-07-21 12:05:50,483 INFO dmef.pipeline [Page 210/237] Total page time: 39.31s
2026-07-21 12:05:50,493 INFO dmef.pipeline [Page 211/237] Phase: page load              started
2026-07-21 12:05:50,495 INFO dmef.pipeline [Page 211/237] Phase: page load              done in 0.00s
2026-07-21 12:05:50,495 INFO dmef.pipeline [Page 211/237] Phase: OCR (PaddleOCR)        started
2026-07-21 12:06:16,100 INFO dmef.pipeline [Page 211/237] Phase: OCR (PaddleOCR)        done in 25.60s
2026-07-21 12:06:16,102 INFO dmef.pipeline [Page 211/237] Phase: content triage         started
2026-07-21 12:06:16,104 INFO dmef.pipeline [Page 211/237] Phase: content triage         done in 0.00s
2026-07-21 12:06:16,106 INFO dmef.pipeline [Page 211/237] Phase: classification         started
2026-07-21 12:06:16,140 INFO dmef.pipeline [Page 211/237] Phase: classification         done in 0.03s
2026-07-21 12:06:16,144 INFO dmef.pipeline [Page 211/237] Phase: field extraction       started
2026-07-21 12:06:16,144 INFO dmef.pipeline [Page 211/237] Phase: field extraction       done in 0.00s
2026-07-21 12:06:19,243 INFO dmef.pipeline [Page 211/237] Total page time: 28.75s
2026-07-21 12:06:19,248 INFO dmef.pipeline [Page 212/237] Phase: page load              started
2026-07-21 12:06:19,248 INFO dmef.pipeline [Page 212/237] Phase: page load              done in 0.00s
2026-07-21 12:06:19,248 INFO dmef.pipeline [Page 212/237] Phase: OCR (PaddleOCR)        started
2026-07-21 12:06:53,247 INFO dmef.pipeline [Page 212/237] Phase: OCR (PaddleOCR)        done in 34.00s
2026-07-21 12:06:53,247 INFO dmef.pipeline [Page 212/237] Phase: content triage         started
2026-07-21 12:06:53,247 INFO dmef.pipeline [Page 212/237] Phase: content triage         done in 0.00s
2026-07-21 12:06:53,247 INFO dmef.pipeline [Page 212/237] Phase: classification         started
2026-07-21 12:06:53,278 INFO dmef.pipeline [Page 212/237] Phase: classification         done in 0.03s
2026-07-21 12:06:53,282 INFO dmef.pipeline [Page 212/237] Phase: field extraction       started
2026-07-21 12:06:53,282 INFO dmef.pipeline [Page 212/237] Phase: field extraction       done in 0.00s
2026-07-21 12:06:55,798 INFO dmef.pipeline [Page 212/237] Total page time: 36.55s
2026-07-21 12:06:55,807 INFO dmef.pipeline [Page 213/237] Phase: page load              started
2026-07-21 12:06:55,809 INFO dmef.pipeline [Page 213/237] Phase: page load              done in 0.00s
2026-07-21 12:06:55,809 INFO dmef.pipeline [Page 213/237] Phase: content triage         started
2026-07-21 12:06:55,809 INFO dmef.pipeline [Page 213/237] Phase: content triage         done in 0.00s
2026-07-21 12:06:55,813 INFO dmef.pipeline [Page 213/237] Phase: classification         started
2026-07-21 12:06:55,826 INFO dmef.pipeline [Page 213/237] Phase: classification         done in 0.01s
2026-07-21 12:06:55,829 INFO dmef.pipeline [Page 213/237] Phase: field extraction       started
2026-07-21 12:06:55,831 INFO dmef.pipeline [Page 213/237] Phase: field extraction       done in 0.00s
2026-07-21 12:06:58,297 INFO dmef.pipeline [Page 213/237] Total page time: 2.49s
2026-07-21 12:06:58,308 INFO dmef.pipeline [Page 214/237] Phase: page load              started
2026-07-21 12:06:58,308 INFO dmef.pipeline [Page 214/237] Phase: page load              done in 0.00s
2026-07-21 12:06:58,310 INFO dmef.pipeline [Page 214/237] Phase: content triage         started
2026-07-21 12:06:58,310 INFO dmef.pipeline [Page 214/237] Phase: content triage         done in 0.00s
2026-07-21 12:06:58,313 INFO dmef.pipeline [Page 214/237] Phase: classification         started
2026-07-21 12:06:58,326 INFO dmef.pipeline [Page 214/237] Phase: classification         done in 0.01s
2026-07-21 12:06:58,330 INFO dmef.pipeline [Page 214/237] Phase: field extraction       started
2026-07-21 12:06:58,330 INFO dmef.pipeline [Page 214/237] Phase: field extraction       done in 0.00s
2026-07-21 12:07:00,844 INFO dmef.pipeline [Page 214/237] Total page time: 2.54s
2026-07-21 12:07:00,853 INFO dmef.pipeline [Page 215/237] Phase: page load              started
2026-07-21 12:07:00,853 INFO dmef.pipeline [Page 215/237] Phase: page load              done in 0.00s
2026-07-21 12:07:00,855 INFO dmef.pipeline [Page 215/237] Phase: content triage         started
2026-07-21 12:07:00,855 INFO dmef.pipeline [Page 215/237] Phase: content triage         done in 0.00s
2026-07-21 12:07:00,857 INFO dmef.pipeline [Page 215/237] Phase: classification         started
2026-07-21 12:07:00,874 INFO dmef.pipeline [Page 215/237] Phase: classification         done in 0.01s
2026-07-21 12:07:00,878 INFO dmef.pipeline [Page 215/237] Phase: field extraction       started
2026-07-21 12:07:00,878 INFO dmef.pipeline [Page 215/237] Phase: field extraction       done in 0.00s
2026-07-21 12:07:03,407 INFO dmef.pipeline [Page 215/237] Total page time: 2.56s
2026-07-21 12:07:03,417 INFO dmef.pipeline [Page 216/237] Phase: page load              started
2026-07-21 12:07:03,418 INFO dmef.pipeline [Page 216/237] Phase: page load              done in 0.00s
2026-07-21 12:07:03,418 INFO dmef.pipeline [Page 216/237] Phase: content triage         started
2026-07-21 12:07:03,419 INFO dmef.pipeline [Page 216/237] Phase: content triage         done in 0.00s
2026-07-21 12:07:03,424 INFO dmef.pipeline [Page 216/237] Phase: classification         started
2026-07-21 12:07:03,434 INFO dmef.pipeline [Page 216/237] Phase: classification         done in 0.01s
2026-07-21 12:07:03,438 INFO dmef.pipeline [Page 216/237] Phase: field extraction       started
2026-07-21 12:07:03,439 INFO dmef.pipeline [Page 216/237] Phase: field extraction       done in 0.00s
2026-07-21 12:07:05,566 INFO dmef.pipeline [Page 216/237] Total page time: 2.15s
2026-07-21 12:07:05,576 INFO dmef.pipeline [Page 217/237] Phase: page load              started
2026-07-21 12:07:05,577 INFO dmef.pipeline [Page 217/237] Phase: page load              done in 0.00s
2026-07-21 12:07:05,578 INFO dmef.pipeline [Page 217/237] Phase: content triage         started
2026-07-21 12:07:05,578 INFO dmef.pipeline [Page 217/237] Phase: content triage         done in 0.00s
2026-07-21 12:07:05,582 INFO dmef.pipeline [Page 217/237] Phase: classification         started
2026-07-21 12:07:05,586 INFO dmef.pipeline [Page 217/237] Phase: classification         done in 0.00s
2026-07-21 12:07:05,591 INFO dmef.pipeline [Page 217/237] Phase: field extraction       started
2026-07-21 12:07:05,591 INFO dmef.pipeline [Page 217/237] Phase: field extraction       done in 0.00s
2026-07-21 12:07:07,724 INFO dmef.pipeline [Page 217/237] Total page time: 2.15s
2026-07-21 12:07:07,735 INFO dmef.pipeline [Page 218/237] Phase: page load              started
2026-07-21 12:07:07,735 INFO dmef.pipeline [Page 218/237] Phase: page load              done in 0.00s
2026-07-21 12:07:07,735 INFO dmef.pipeline [Page 218/237] Phase: content triage         started
2026-07-21 12:07:07,735 INFO dmef.pipeline [Page 218/237] Phase: content triage         done in 0.00s
2026-07-21 12:07:07,739 INFO dmef.pipeline [Page 218/237] Phase: classification         started
2026-07-21 12:07:07,743 INFO dmef.pipeline [Page 218/237] Phase: classification         done in 0.01s
2026-07-21 12:07:07,748 INFO dmef.pipeline [Page 218/237] Phase: field extraction       started
2026-07-21 12:07:07,748 INFO dmef.pipeline [Page 218/237] Phase: field extraction       done in 0.00s
2026-07-21 12:07:09,399 INFO dmef.pipeline [Page 218/237] Total page time: 1.67s
2026-07-21 12:07:09,408 INFO dmef.pipeline [Page 219/237] Phase: page load              started
2026-07-21 12:07:09,408 INFO dmef.pipeline [Page 219/237] Phase: page load              done in 0.00s
2026-07-21 12:07:09,408 INFO dmef.pipeline [Page 219/237] Phase: OCR (PaddleOCR)        started
2026-07-21 12:07:37,432 INFO dmef.pipeline [Page 219/237] Phase: OCR (PaddleOCR)        done in 28.02s
2026-07-21 12:07:37,432 INFO dmef.pipeline [Page 219/237] Phase: content triage         started
2026-07-21 12:07:37,432 INFO dmef.pipeline [Page 219/237] Phase: content triage         done in 0.00s
2026-07-21 12:07:37,436 INFO dmef.pipeline [Page 219/237] Phase: classification         started
2026-07-21 12:07:37,460 INFO dmef.pipeline [Page 219/237] Phase: classification         done in 0.03s
2026-07-21 12:07:37,465 INFO dmef.pipeline [Page 219/237] Phase: field extraction       started
2026-07-21 12:07:37,465 INFO dmef.pipeline [Page 219/237] Phase: field extraction       done in 0.00s
2026-07-21 12:07:40,331 INFO dmef.pipeline [Page 219/237] Total page time: 30.93s
2026-07-21 12:07:40,340 INFO dmef.pipeline [Page 220/237] Phase: page load              started
2026-07-21 12:07:40,340 INFO dmef.pipeline [Page 220/237] Phase: page load              done in 0.00s
2026-07-21 12:07:40,340 INFO dmef.pipeline [Page 220/237] Phase: OCR (PaddleOCR)        started
2026-07-21 12:08:01,047 INFO dmef.pipeline [Page 220/237] Phase: OCR (PaddleOCR)        done in 20.71s
2026-07-21 12:08:01,049 INFO dmef.pipeline [Page 220/237] Phase: content triage         started
2026-07-21 12:08:01,049 INFO dmef.pipeline [Page 220/237] Phase: content triage         done in 0.00s
2026-07-21 12:08:01,051 INFO dmef.pipeline [Page 220/237] Phase: classification         started
2026-07-21 12:08:01,075 INFO dmef.pipeline [Page 220/237] Phase: classification         done in 0.02s
2026-07-21 12:08:01,079 INFO dmef.pipeline [Page 220/237] Phase: field extraction       started
2026-07-21 12:08:01,079 INFO dmef.pipeline [Page 220/237] Phase: field extraction       done in 0.00s
2026-07-21 12:08:03,573 INFO dmef.pipeline [Page 220/237] Total page time: 23.23s
2026-07-21 12:08:03,583 INFO dmef.pipeline [Page 221/237] Phase: page load              started
2026-07-21 12:08:03,583 INFO dmef.pipeline [Page 221/237] Phase: page load              done in 0.00s
2026-07-21 12:08:03,583 INFO dmef.pipeline [Page 221/237] Phase: OCR (PaddleOCR)        started
INFO:     127.0.0.1:52788 - "GET /health HTTP/1.1" 200 OK
INFO:     127.0.0.1:57964 - "GET /upload/56/progress HTTP/1.1" 200 OK
INFO:     127.0.0.1:63910 - "GET /review/applications/56 HTTP/1.1" 200 OK
2026-07-21 12:08:14,223 INFO dmef.pipeline [Page 221/237] Phase: OCR (PaddleOCR)        done in 10.64s
2026-07-21 12:08:14,225 INFO dmef.pipeline [Page 221/237] Phase: content triage         started
2026-07-21 12:08:14,225 INFO dmef.pipeline [Page 221/237] Phase: content triage         done in 0.00s
2026-07-21 12:08:14,227 INFO dmef.pipeline [Page 221/237] Phase: classification         started
2026-07-21 12:08:14,242 INFO dmef.pipeline [Page 221/237] Phase: classification         done in 0.01s
2026-07-21 12:08:14,244 INFO dmef.pipeline [Page 221/237] Phase: field extraction       started
2026-07-21 12:08:14,244 INFO dmef.pipeline [Page 221/237] Phase: field extraction       done in 0.00s
2026-07-21 12:08:16,069 INFO dmef.pipeline [Page 221/237] Total page time: 12.49s
2026-07-21 12:08:16,082 INFO dmef.pipeline [Page 222/237] Phase: page load              started
2026-07-21 12:08:16,082 INFO dmef.pipeline [Page 222/237] Phase: page load              done in 0.00s
2026-07-21 12:08:16,083 INFO dmef.pipeline [Page 222/237] Phase: OCR (PaddleOCR)        started
2026-07-21 12:08:27,180 INFO dmef.pipeline [Page 222/237] Phase: OCR (PaddleOCR)        done in 11.10s
2026-07-21 12:08:27,180 INFO dmef.pipeline [Page 222/237] Phase: content triage         started
2026-07-21 12:08:27,180 INFO dmef.pipeline [Page 222/237] Phase: content triage         done in 0.00s
2026-07-21 12:08:27,187 INFO dmef.pipeline [Page 222/237] Phase: classification         started
2026-07-21 12:08:27,203 INFO dmef.pipeline [Page 222/237] Phase: classification         done in 0.02s
2026-07-21 12:08:27,207 INFO dmef.pipeline [Page 222/237] Phase: field extraction       started
2026-07-21 12:08:27,207 INFO dmef.pipeline [Page 222/237] Phase: field extraction       done in 0.00s
2026-07-21 12:08:29,188 INFO dmef.pipeline [Page 222/237] Total page time: 13.11s
2026-07-21 12:08:29,197 INFO dmef.pipeline [Page 223/237] Phase: page load              started
2026-07-21 12:08:29,197 INFO dmef.pipeline [Page 223/237] Phase: page load              done in 0.00s
2026-07-21 12:08:29,200 INFO dmef.pipeline [Page 223/237] Phase: OCR (PaddleOCR)        started
2026-07-21 12:08:39,941 INFO dmef.pipeline [Page 223/237] Phase: OCR (PaddleOCR)        done in 10.74s
2026-07-21 12:08:39,943 INFO dmef.pipeline [Page 223/237] Phase: content triage         started
2026-07-21 12:08:39,943 INFO dmef.pipeline [Page 223/237] Phase: content triage         done in 0.00s
2026-07-21 12:08:39,946 INFO dmef.pipeline [Page 223/237] Phase: classification         started
2026-07-21 12:08:39,946 INFO dmef.pipeline [Page 223/237] Phase: classification         done in 0.01s
2026-07-21 12:08:39,946 INFO dmef.pipeline [Page 223/237] Phase: field extraction       started
2026-07-21 12:08:39,946 INFO dmef.pipeline [Page 223/237] Phase: field extraction       done in 0.00s
2026-07-21 12:08:41,945 INFO dmef.pipeline [Page 223/237] Total page time: 12.75s
2026-07-21 12:08:41,953 INFO dmef.pipeline [Page 224/237] Phase: page load              started
2026-07-21 12:08:41,953 INFO dmef.pipeline [Page 224/237] Phase: page load              done in 0.00s
2026-07-21 12:08:41,953 INFO dmef.pipeline [Page 224/237] Phase: OCR (PaddleOCR)        started
2026-07-21 12:08:52,324 INFO dmef.pipeline [Page 224/237] Phase: OCR (PaddleOCR)        done in 10.37s
2026-07-21 12:08:52,326 INFO dmef.pipeline [Page 224/237] Phase: content triage         started
2026-07-21 12:08:52,326 INFO dmef.pipeline [Page 224/237] Phase: content triage         done in 0.00s
2026-07-21 12:08:52,328 INFO dmef.pipeline [Page 224/237] Phase: classification         started
2026-07-21 12:08:52,344 INFO dmef.pipeline [Page 224/237] Phase: classification         done in 0.01s
2026-07-21 12:08:52,348 INFO dmef.pipeline [Page 224/237] Phase: field extraction       started
2026-07-21 12:08:57,007 INFO dmef.pipeline [Page 224/237] Phase: field extraction       done in 4.66s
2026-07-21 12:08:58,872 INFO dmef.pipeline [Page 224/237] Total page time: 16.92s
2026-07-21 12:08:58,881 INFO dmef.pipeline [Page 225/237] Phase: page load              started
2026-07-21 12:08:58,882 INFO dmef.pipeline [Page 225/237] Phase: page load              done in 0.00s
2026-07-21 12:08:58,882 INFO dmef.pipeline [Page 225/237] Phase: OCR (PaddleOCR)        started
2026-07-21 12:09:05,448 INFO dmef.pipeline [Page 225/237] Phase: OCR (PaddleOCR)        done in 6.57s
2026-07-21 12:09:05,448 INFO dmef.pipeline [Page 225/237] Phase: content triage         started
2026-07-21 12:09:05,451 INFO dmef.pipeline [Page 225/237] Phase: content triage         done in 0.00s
2026-07-21 12:09:05,453 INFO dmef.pipeline [Page 225/237] Phase: classification         started
2026-07-21 12:09:05,453 INFO dmef.pipeline [Page 225/237] Phase: classification         done in 0.01s
2026-07-21 12:09:05,462 INFO dmef.pipeline [Page 225/237] Phase: field extraction       started
2026-07-21 12:09:09,392 INFO dmef.pipeline [Page 225/237] Phase: field extraction       done in 3.93s
2026-07-21 12:09:11,067 INFO dmef.pipeline [Page 225/237] Total page time: 12.19s
2026-07-21 12:09:11,079 INFO dmef.pipeline [Page 226/237] Phase: page load              started
2026-07-21 12:09:11,079 INFO dmef.pipeline [Page 226/237] Phase: page load              done in 0.00s
2026-07-21 12:09:11,079 INFO dmef.pipeline [Page 226/237] Phase: OCR (PaddleOCR)        started
2026-07-21 12:09:36,940 INFO dmef.pipeline [Page 226/237] Phase: OCR (PaddleOCR)        done in 25.86s
2026-07-21 12:09:36,942 INFO dmef.pipeline [Page 226/237] Phase: content triage         started
2026-07-21 12:09:36,942 INFO dmef.pipeline [Page 226/237] Phase: content triage         done in 0.00s
2026-07-21 12:09:36,948 INFO dmef.pipeline [Page 226/237] Phase: classification         started
2026-07-21 12:09:36,966 INFO dmef.pipeline [Page 226/237] Phase: classification         done in 0.02s
2026-07-21 12:09:36,968 INFO dmef.pipeline [Page 226/237] Phase: field extraction       started
2026-07-21 12:09:36,968 INFO dmef.pipeline [Page 226/237] Phase: field extraction       done in 0.00s
2026-07-21 12:09:49,350 INFO dmef.pipeline [Page 226/237] Total page time: 38.27s
2026-07-21 12:09:49,360 INFO dmef.pipeline [Page 227/237] Phase: page load              started
2026-07-21 12:09:49,360 INFO dmef.pipeline [Page 227/237] Phase: page load              done in 0.00s
2026-07-21 12:09:49,360 INFO dmef.pipeline [Page 227/237] Phase: OCR (PaddleOCR)        started
INFO:     127.0.0.1:57440 - "GET /health HTTP/1.1" 200 OK
2026-07-21 12:10:01,442 INFO dmef.pipeline [Page 227/237] Phase: OCR (PaddleOCR)        done in 12.08s
2026-07-21 12:10:01,442 INFO dmef.pipeline [Page 227/237] Phase: content triage         started
2026-07-21 12:10:01,442 INFO dmef.pipeline [Page 227/237] Phase: content triage         done in 0.00s
2026-07-21 12:10:01,447 INFO dmef.pipeline [Page 227/237] Phase: classification         started
2026-07-21 12:10:01,467 INFO dmef.pipeline [Page 227/237] Phase: classification         done in 0.02s
INFO:     127.0.0.1:51257 - "GET /upload/56/progress HTTP/1.1" 200 OK
2026-07-21 12:10:01,479 INFO dmef.pipeline [Page 227/237] Phase: field extraction       started
2026-07-21 12:10:01,479 INFO dmef.pipeline [Page 227/237] Phase: field extraction       done in 0.00s
INFO:     127.0.0.1:49839 - "GET /review/applications/56 HTTP/1.1" 200 OK
INFO:     127.0.0.1:49839 - "GET /upload/56/progress HTTP/1.1" 200 OK
INFO:     127.0.0.1:51257 - "GET /review/applications/56 HTTP/1.1" 200 OK
2026-07-21 12:10:04,179 INFO dmef.pipeline [Page 227/237] Total page time: 14.82s
2026-07-21 12:10:04,188 INFO dmef.pipeline [Page 228/237] Phase: page load              started
2026-07-21 12:10:04,188 INFO dmef.pipeline [Page 228/237] Phase: page load              done in 0.00s
2026-07-21 12:10:04,188 INFO dmef.pipeline [Page 228/237] Phase: OCR (PaddleOCR)        started
INFO:     127.0.0.1:51257 - "GET /upload/56/progress HTTP/1.1" 200 OK
INFO:     127.0.0.1:49839 - "GET /review/applications/56 HTTP/1.1" 200 OK
INFO:     127.0.0.1:53114 - "GET /health HTTP/1.1" 200 OK
INFO:     127.0.0.1:49839 - "GET /upload/56/progress HTTP/1.1" 200 OK
INFO:     127.0.0.1:51257 - "GET /review/applications/56 HTTP/1.1" 200 OK
INFO:     127.0.0.1:49839 - "GET /upload/56/progress HTTP/1.1" 200 OK
2026-07-21 12:10:31,256 INFO dmef.pipeline [Page 228/237] Phase: OCR (PaddleOCR)        done in 27.07s
2026-07-21 12:10:31,260 INFO dmef.pipeline [Page 228/237] Phase: content triage         started
2026-07-21 12:10:31,260 INFO dmef.pipeline [Page 228/237] Phase: content triage         done in 0.00s
2026-07-21 12:10:31,262 INFO dmef.pipeline [Page 228/237] Phase: classification         started
2026-07-21 12:10:31,286 INFO dmef.pipeline [Page 228/237] Phase: classification         done in 0.03s
2026-07-21 12:10:31,286 INFO dmef.pipeline [Page 228/237] Phase: field extraction       started
2026-07-21 12:10:31,293 INFO dmef.pipeline [Page 228/237] Phase: field extraction       done in 0.00s
2026-07-21 12:10:34,997 INFO dmef.pipeline [Page 228/237] Total page time: 30.81s
2026-07-21 12:10:35,016 INFO dmef.pipeline [Page 229/237] Phase: page load              started
2026-07-21 12:10:35,017 INFO dmef.pipeline [Page 229/237] Phase: page load              done in 0.00s
2026-07-21 12:10:35,017 INFO dmef.pipeline [Page 229/237] Phase: OCR (PaddleOCR)        started
INFO:     127.0.0.1:53140 - "GET /health HTTP/1.1" 200 OK
INFO:     127.0.0.1:62049 - "GET /upload/56/progress HTTP/1.1" 200 OK
INFO:     127.0.0.1:63486 - "GET /review/applications/56 HTTP/1.1" 200 OK
INFO:     127.0.0.1:62049 - "GET /review/applications/56 HTTP/1.1" 200 OK
INFO:     127.0.0.1:63486 - "GET /upload/56/progress HTTP/1.1" 200 OK
INFO:     127.0.0.1:62049 - "GET /upload/56/progress HTTP/1.1" 200 OK
INFO:     127.0.0.1:63486 - "GET /review/applications/56 HTTP/1.1" 200 OK
INFO:     127.0.0.1:63486 - "GET /upload/56/progress HTTP/1.1" 200 OK
INFO:     127.0.0.1:62049 - "GET /review/applications/56 HTTP/1.1" 200 OK
INFO:     127.0.0.1:63486 - "GET /upload/56/progress HTTP/1.1" 200 OK
INFO:     127.0.0.1:62049 - "GET /upload/56/progress HTTP/1.1" 200 OK
2026-07-21 12:11:01,495 INFO dmef.pipeline [Page 229/237] Phase: OCR (PaddleOCR)        done in 26.48s
2026-07-21 12:11:01,497 INFO dmef.pipeline [Page 229/237] Phase: content triage         started
2026-07-21 12:11:01,498 INFO dmef.pipeline [Page 229/237] Phase: content triage         done in 0.00s
INFO:     127.0.0.1:63486 - "GET /review/applications/56 HTTP/1.1" 200 OK
2026-07-21 12:11:01,504 INFO dmef.pipeline [Page 229/237] Phase: classification         started
2026-07-21 12:11:01,527 INFO dmef.pipeline [Page 229/237] Phase: classification         done in 0.02s
2026-07-21 12:11:01,529 INFO dmef.pipeline [Page 229/237] Phase: field extraction       started
2026-07-21 12:11:01,529 INFO dmef.pipeline [Page 229/237] Phase: field extraction       done in 0.00s
INFO:     127.0.0.1:63486 - "GET /health HTTP/1.1" 200 OK
INFO:     127.0.0.1:63486 - "GET /upload/56/progress HTTP/1.1" 200 OK
INFO:     127.0.0.1:62049 - "GET /review/applications/56 HTTP/1.1" 200 OK
2026-07-21 12:11:04,982 INFO dmef.pipeline [Page 229/237] Total page time: 29.97s
2026-07-21 12:11:04,993 INFO dmef.pipeline [Page 230/237] Phase: page load              started
2026-07-21 12:11:04,993 INFO dmef.pipeline [Page 230/237] Phase: page load              done in 0.00s
2026-07-21 12:11:04,993 INFO dmef.pipeline [Page 230/237] Phase: OCR (PaddleOCR)        started
INFO:     127.0.0.1:63486 - "GET /review/applications/56 HTTP/1.1" 200 OK
INFO:     127.0.0.1:62049 - "GET /upload/56/progress HTTP/1.1" 200 OK
INFO:     127.0.0.1:63486 - "GET /upload/56/progress HTTP/1.1" 200 OK
INFO:     127.0.0.1:63486 - "GET /health HTTP/1.1" 200 OK
INFO:     127.0.0.1:62049 - "GET /review/applications/56 HTTP/1.1" 200 OK
INFO:     127.0.0.1:62411 - "GET /upload/56/progress HTTP/1.1" 200 OK
INFO:     127.0.0.1:62049 - "GET /review/applications/56 HTTP/1.1" 200 OK
INFO:     127.0.0.1:62411 - "GET /upload/56/progress HTTP/1.1" 200 OK
INFO:     127.0.0.1:62049 - "GET /review/applications/56 HTTP/1.1" 200 OK
INFO:     127.0.0.1:62049 - "GET /upload/56/progress HTTP/1.1" 200 OK
INFO:     127.0.0.1:62411 - "GET /review/applications/56 HTTP/1.1" 200 OK
INFO:     127.0.0.1:62411 - "GET /health HTTP/1.1" 200 OK
INFO:     127.0.0.1:62411 - "GET /upload/56/progress HTTP/1.1" 200 OK
INFO:     127.0.0.1:62049 - "GET /review/applications/56 HTTP/1.1" 200 OK
INFO:     127.0.0.1:62049 - "GET /upload/56/progress HTTP/1.1" 200 OK
INFO:     127.0.0.1:62049 - "GET /review/applications/56 HTTP/1.1" 200 OK
INFO:     127.0.0.1:62411 - "GET /upload/56/progress HTTP/1.1" 200 OK
INFO:     127.0.0.1:62411 - "GET /review/applications/56 HTTP/1.1" 200 OK
INFO:     127.0.0.1:62049 - "GET /upload/56/progress HTTP/1.1" 200 OK
INFO:     127.0.0.1:62049 - "GET /review/applications/56 HTTP/1.1" 200 OK
INFO:     127.0.0.1:62411 - "GET /upload/56/progress HTTP/1.1" 200 OK
INFO:     127.0.0.1:62411 - "GET /health HTTP/1.1" 200 OK
INFO:     127.0.0.1:52940 - "GET /upload/56/progress HTTP/1.1" 200 OK
INFO:     127.0.0.1:62049 - "GET /review/applications/56 HTTP/1.1" 200 OK
INFO:     127.0.0.1:62049 - "GET /upload/56/progress HTTP/1.1" 200 OK
2026-07-21 12:11:54,364 INFO dmef.pipeline [Page 230/237] Phase: OCR (PaddleOCR)        done in 49.37s
2026-07-21 12:11:54,364 INFO dmef.pipeline [Page 230/237] Phase: content triage         started
2026-07-21 12:11:54,366 INFO dmef.pipeline [Page 230/237] Phase: content triage         done in 0.00s
2026-07-21 12:11:54,375 INFO dmef.pipeline [Page 230/237] Phase: classification         started
2026-07-21 12:11:54,414 INFO dmef.pipeline [Page 230/237] Phase: classification         done in 0.04s
INFO:     127.0.0.1:52940 - "GET /review/applications/56 HTTP/1.1" 200 OK
2026-07-21 12:11:54,421 INFO dmef.pipeline [Page 230/237] Phase: field extraction       started
2026-07-21 12:11:54,421 INFO dmef.pipeline [Page 230/237] Phase: field extraction       done in 0.00s
2026-07-21 12:12:02,062 INFO dmef.pipeline [Page 230/237] Total page time: 57.07s
2026-07-21 12:12:02,069 INFO dmef.pipeline [Page 231/237] Phase: page load              started
2026-07-21 12:12:02,069 INFO dmef.pipeline [Page 231/237] Phase: page load              done in 0.00s
2026-07-21 12:12:02,069 INFO dmef.pipeline [Page 231/237] Phase: OCR (PaddleOCR)        started
2026-07-21 12:12:13,375 INFO dmef.pipeline [Page 231/237] Phase: OCR (PaddleOCR)        done in 11.30s
2026-07-21 12:12:13,379 INFO dmef.pipeline [Page 231/237] Phase: content triage         started
2026-07-21 12:12:13,379 INFO dmef.pipeline [Page 231/237] Phase: content triage         done in 0.00s
2026-07-21 12:12:13,381 INFO dmef.pipeline [Page 231/237] Phase: classification         started
2026-07-21 12:12:13,393 INFO dmef.pipeline [Page 231/237] Phase: classification         done in 0.01s
2026-07-21 12:12:13,397 INFO dmef.pipeline [Page 231/237] Phase: field extraction       started
2026-07-21 12:12:13,397 INFO dmef.pipeline [Page 231/237] Phase: field extraction       done in 0.00s
2026-07-21 12:12:16,012 INFO dmef.pipeline [Page 231/237] Total page time: 13.94s
2026-07-21 12:12:16,024 INFO dmef.pipeline [Page 232/237] Phase: page load              started
2026-07-21 12:12:16,024 INFO dmef.pipeline [Page 232/237] Phase: page load              done in 0.00s
2026-07-21 12:12:16,026 INFO dmef.pipeline [Page 232/237] Phase: OCR (PaddleOCR)        started
2026-07-21 12:12:26,414 INFO dmef.pipeline [Page 232/237] Phase: OCR (PaddleOCR)        done in 10.39s
2026-07-21 12:12:26,414 INFO dmef.pipeline [Page 232/237] Phase: content triage         started
2026-07-21 12:12:26,414 INFO dmef.pipeline [Page 232/237] Phase: content triage         done in 0.00s
2026-07-21 12:12:26,419 INFO dmef.pipeline [Page 232/237] Phase: classification         started
2026-07-21 12:12:26,431 INFO dmef.pipeline [Page 232/237] Phase: classification         done in 0.01s
2026-07-21 12:12:26,434 INFO dmef.pipeline [Page 232/237] Phase: field extraction       started
2026-07-21 12:12:26,434 INFO dmef.pipeline [Page 232/237] Phase: field extraction       done in 0.00s
2026-07-21 12:12:28,472 INFO dmef.pipeline [Page 232/237] Total page time: 12.45s
2026-07-21 12:12:28,479 INFO dmef.pipeline [Page 233/237] Phase: page load              started
2026-07-21 12:12:28,479 INFO dmef.pipeline [Page 233/237] Phase: page load              done in 0.00s
2026-07-21 12:12:28,479 INFO dmef.pipeline [Page 233/237] Phase: OCR (PaddleOCR)        started
2026-07-21 12:12:34,118 INFO dmef.pipeline [Page 233/237] Phase: OCR (PaddleOCR)        done in 5.64s
2026-07-21 12:12:34,120 INFO dmef.pipeline [Page 233/237] Phase: content triage         started
2026-07-21 12:12:34,121 INFO dmef.pipeline [Page 233/237] Phase: content triage         done in 0.00s
2026-07-21 12:12:34,123 INFO dmef.pipeline [Page 233/237] Phase: classification         started
2026-07-21 12:12:34,123 INFO dmef.pipeline [Page 233/237] Phase: classification         done in 0.01s
2026-07-21 12:12:34,123 INFO dmef.pipeline [Page 233/237] Phase: field extraction       started
2026-07-21 12:12:34,136 INFO dmef.pipeline [Page 233/237] Phase: field extraction       done in 0.00s
2026-07-21 12:12:35,765 INFO dmef.pipeline [Page 233/237] Total page time: 7.29s
2026-07-21 12:12:35,774 INFO dmef.pipeline [Page 234/237] Phase: page load              started
2026-07-21 12:12:35,774 INFO dmef.pipeline [Page 234/237] Phase: page load              done in 0.00s
2026-07-21 12:12:35,774 INFO dmef.pipeline [Page 234/237] Phase: OCR (PaddleOCR)        started
2026-07-21 12:12:41,053 INFO dmef.pipeline [Page 234/237] Phase: OCR (PaddleOCR)        done in 5.29s
2026-07-21 12:12:41,053 INFO dmef.pipeline [Page 234/237] Phase: content triage         started
2026-07-21 12:12:41,067 INFO dmef.pipeline [Page 234/237] Phase: content triage         done in 0.00s
2026-07-21 12:12:41,068 INFO dmef.pipeline [Page 234/237] Phase: classification         started
2026-07-21 12:12:41,079 INFO dmef.pipeline [Page 234/237] Phase: classification         done in 0.01s
2026-07-21 12:12:41,079 INFO dmef.pipeline [Page 234/237] Phase: field extraction       started
2026-07-21 12:12:41,079 INFO dmef.pipeline [Page 234/237] Phase: field extraction       done in 0.00s
2026-07-21 12:12:43,037 INFO dmef.pipeline [Page 234/237] Total page time: 7.27s
2026-07-21 12:12:43,046 INFO dmef.pipeline [Page 235/237] Phase: page load              started
2026-07-21 12:12:43,046 INFO dmef.pipeline [Page 235/237] Phase: page load              done in 0.00s
2026-07-21 12:12:43,046 INFO dmef.pipeline [Page 235/237] Phase: OCR (PaddleOCR)        started
2026-07-21 12:12:48,258 INFO dmef.pipeline [Page 235/237] Phase: OCR (PaddleOCR)        done in 5.21s
2026-07-21 12:12:48,259 INFO dmef.pipeline [Page 235/237] Phase: content triage         started
2026-07-21 12:12:48,260 INFO dmef.pipeline [Page 235/237] Phase: content triage         done in 0.00s
2026-07-21 12:12:48,264 INFO dmef.pipeline [Page 235/237] Phase: classification         started
2026-07-21 12:12:48,268 INFO dmef.pipeline [Page 235/237] Phase: classification         done in 0.00s
2026-07-21 12:12:48,270 INFO dmef.pipeline [Page 235/237] Phase: field extraction       started
2026-07-21 12:12:48,270 INFO dmef.pipeline [Page 235/237] Phase: field extraction       done in 0.00s
2026-07-21 12:12:50,323 INFO dmef.pipeline [Page 235/237] Total page time: 7.28s
2026-07-21 12:12:50,331 INFO dmef.pipeline [Page 236/237] Phase: page load              started
2026-07-21 12:12:50,334 INFO dmef.pipeline [Page 236/237] Phase: page load              done in 0.00s
2026-07-21 12:12:50,334 INFO dmef.pipeline [Page 236/237] Phase: OCR (PaddleOCR)        started
2026-07-21 12:12:56,016 INFO dmef.pipeline [Page 236/237] Phase: OCR (PaddleOCR)        done in 5.68s
2026-07-21 12:12:56,016 INFO dmef.pipeline [Page 236/237] Phase: content triage         started
2026-07-21 12:12:56,018 INFO dmef.pipeline [Page 236/237] Phase: content triage         done in 0.00s
2026-07-21 12:12:56,021 INFO dmef.pipeline [Page 236/237] Phase: classification         started
2026-07-21 12:12:56,028 INFO dmef.pipeline [Page 236/237] Phase: classification         done in 0.01s
2026-07-21 12:12:56,031 INFO dmef.pipeline [Page 236/237] Phase: field extraction       started
2026-07-21 12:12:56,032 INFO dmef.pipeline [Page 236/237] Phase: field extraction       done in 0.00s
2026-07-21 12:12:57,956 INFO dmef.pipeline [Page 236/237] Total page time: 7.63s
2026-07-21 12:12:57,964 INFO dmef.pipeline [Page 237/237] Phase: page load              started
2026-07-21 12:12:57,966 INFO dmef.pipeline [Page 237/237] Phase: page load              done in 0.00s
2026-07-21 12:12:57,966 INFO dmef.pipeline [Page 237/237] Phase: OCR (PaddleOCR)        started
2026-07-21 12:13:03,332 INFO dmef.pipeline [Page 237/237] Phase: OCR (PaddleOCR)        done in 5.37s
2026-07-21 12:13:03,336 INFO dmef.pipeline [Page 237/237] Phase: content triage         started
2026-07-21 12:13:03,336 INFO dmef.pipeline [Page 237/237] Phase: content triage         done in 0.00s
2026-07-21 12:13:03,341 INFO dmef.pipeline [Page 237/237] Phase: classification         started
2026-07-21 12:13:03,348 INFO dmef.pipeline [Page 237/237] Phase: classification         done in 0.01s
2026-07-21 12:13:03,351 INFO dmef.pipeline [Page 237/237] Phase: field extraction       started
2026-07-21 12:13:03,352 INFO dmef.pipeline [Page 237/237] Phase: field extraction       done in 0.00s
2026-07-21 12:13:06,057 INFO dmef.pipeline [Page 237/237] Total page time: 8.09s
INFO:     127.0.0.1:62961 - "GET /health HTTP/1.1" 200 OK
INFO:     127.0.0.1:49465 - "GET /upload/56/progress HTTP/1.1" 200 OK
INFO:     127.0.0.1:61178 - "GET /review/applications/56 HTTP/1.1" 200 OK
INFO:     127.0.0.1:60446 - "GET /health HTTP/1.1" 200 OK
INFO:     127.0.0.1:57708 - "GET /review/applications/56 HTTP/1.1" 200 OK
INFO:     127.0.0.1:57339 - "GET /health HTTP/1.1" 200 OK
INFO:     127.0.0.1:59165 - "GET /health HTTP/1.1" 200 OK
INFO:     127.0.0.1:64442 - "GET /health HTTP/1.1" 200 OK
INFO:     127.0.0.1:55328 - "GET /review/applications/56 HTTP/1.1" 200 OK
INFO:     127.0.0.1:64326 - "GET /health HTTP/1.1" 200 OK
INFO:     127.0.0.1:64139 - "GET /health HTTP/1.1" 200 OK
INFO:     127.0.0.1:58843 - "GET /health HTTP/1.1" 200 OK
INFO:     127.0.0.1:57647 - "GET /health HTTP/1.1" 200 OK
INFO:     127.0.0.1:50246 - "GET /health HTTP/1.1" 200 OK
INFO:     127.0.0.1:49553 - "GET /review/applications/56 HTTP/1.1" 200 OK
INFO:     127.0.0.1:62384 - "GET /health HTTP/1.1" 200 OK
INFO:     127.0.0.1:54876 - "GET /health HTTP/1.1" 200 OK
INFO:     127.0.0.1:56028 - "GET /review/applications/56 HTTP/1.1" 200 OK
